date,Open,High,Low,Close,Volume,SMA_10,SMA_14,SMA_20,SMA_60,EMA_12,EMA_26,VWMA_20,VWMA_50,LRMA_14,LRMA_15,LRMA_20,ITS_9,IKS_26,ISA_9,ISB_26,ISB_52,ICS_26,CTI_10,CTI_20,CTI_30,Elder_Ray_Bullish,Elder_Ray_Bearish,Elder_Ray_Index,Elder_Ray_Bullish_13,Elder_Ray_Bearish_13,Elder_Ray_Index_13,RSV_14,RSI_14,Stochastic_K_9,Stochastic_D_3,Stochastic_J,MACD_Signal_9,MACD_Histogram_9,WR_14,CCI_20,TRIX_15,PPO_12_26_9,StochRSI_14,WT_Trend_10_21,Aroon_Oscillator_25,AO_5_34,ROC_10,RVGI_10,KST_10_15_20_30,PGO_14,PSL_14,PVO_Line_12_26,PVO_Signal_9,PVO_Histogram,MSTD_20,MVAR_20,Bollinger_Upper_20_2,Bollinger_Lower_20_2,Bollinger_Middle_20,True_Range,ATR_14,CHOP_14,KER_10,Keltner_Upper_20_20_2,Keltner_Lower_20_20_2,Keltner_Middle_20,VR_24,MFI_14,BOP_14,DMA_10_50,DMA_5_20,DMA_20_60,ADX_14,ADXR_14,MAD_20
2016/1/1,430.89,436,427.2,433.82,3788.111174,440.19,439.0671429,422.629,406.688,433.82,433.82,409.9478891,398.8109476,0.441582418,-1.617892857,-3.11675188,444.53,408.5,403.1275,408.5,408.5,391.77,0.736343503,-0.645249471,-0.763359296,2.18,-6.62,8.8,2.18,-6.62,8.8,13.4098681,0,59.80296369,46.67538811,6.830671754,-17.23275311,0.324888479,-86.5901319,-849.8262122,-0.021109973,-6.469719874,28.64715617,0,-32,-34.23773529,3.268636762,0.079034767,-5946.706316,-4.509789465,14.28571429,38.53426688,-5.69430871,-23.38478345,28.57647098,816.6146937,479.781942,365.476058,422.629,8.8,11.30571429,-143.5408657,0.301959114,450.7019914,378.7139914,433.82,66.21243602,42.01859334,0.573163565,-1.8752,-33.501,8.698,42.89194224,38.18128939,23.0134
2016/1/2,434.87,435.99,430.42,433.55,2972.063449,440.19,439.0671429,422.629,406.688,433.7784615,433.8,409.9478891,398.8109476,0.441582418,-1.617892857,-3.11675188,444.53,408.5,403.1275,408.5,408.5,394.95,0.736343503,-0.645249471,-0.763359296,2.208571429,-3.361428571,5.57,2.208571429,-3.361428571,5.57,13.4098681,0,59.80296369,46.67538811,6.830671754,-17.23275311,0.324888479,-86.5901319,-849.8262122,-0.021109973,-6.469719874,28.64715617,-0.020082645,-32,-34.23773529,3.268636762,0.079034767,-5946.706316,-4.509789465,14.28571429,38.53426688,-5.69430871,-23.38478345,28.57647098,816.6146937,479.781942,365.476058,422.629,5.57,11.30571429,-143.5408657,0.301959114,450.7019914,378.7139914,433.7942857,66.21243602,42.01859334,0.573163565,-1.8752,-33.501,8.698,42.89194224,38.18128939,23.0134
2016/1/3,433.2,434.09,424.06,431.04,4571.097038,440.19,439.0671429,422.629,406.688,433.3571598,433.5955556,409.9478891,398.8109476,0.441582418,-1.617892857,-3.11675188,444.53,408.5,403.1275,408.5,408.5,379.75,0.736343503,-0.645249471,-0.763359296,0.700204082,-9.329795918,10.03,0.700204082,-9.329795918,10.03,13.4098681,0,59.80296369,46.67538811,6.830671754,-17.23275311,0.324888479,-86.5901319,-849.8262122,-0.021109973,-6.469719874,28.64715617,-0.221382419,-32,-34.23773529,3.268636762,0.079034767,-5946.706316,-4.509789465,14.28571429,38.53426688,-5.69430871,-23.38478345,28.57647098,816.6146937,479.781942,365.476058,422.629,10.03,11.30571429,-143.5408657,0.301959114,450.7019914,378.7139914,433.5319728,66.21243602,42.01859334,0.573163565,-1.8752,-33.501,8.698,42.89194224,38.18128939,23.0134
2016/1/4,431.54,435.86,428.44,434.17,5717.595458,440.19,439.0671429,422.629,406.688,433.4822121,433.638107,409.9478891,398.8109476,0.441582418,-1.617892857,-3.11675188,444.53,408.5,403.1275,408.5,408.5,378.22,0.736343503,-0.645249471,-0.763359296,2.358746356,-5.061253644,7.42,2.358746356,-5.061253644,7.42,13.4098681,35.89449541,59.80296369,46.67538811,6.830671754,-17.23275311,0.324888479,-86.5901319,-849.8262122,-0.021109973,-6.469719874,28.64715617,-0.134640393,-32,-34.23773529,3.268636762,0.079034767,-5946.706316,-4.509789465,14.28571429,38.53426688,-5.69430871,-23.38478345,28.57647098,816.6146937,479.781942,365.476058,422.629,7.42,11.30571429,-143.5408657,0.301959114,450.7019914,378.7139914,433.5927373,66.21243602,42.01859334,0.573163565,-1.8752,-33.501,8.698,42.89194224,38.18128939,23.0134
2016/1/5,433.31,435.39,429.5,432.43,3881.720862,440.19,439.0671429,422.629,406.688,433.3203333,433.5486176,409.9478891,398.8109476,0.441582418,-1.617892857,-3.11675188,444.53,408.5,403.1275,408.5,408.5,375.64,0.736343503,-0.645249471,-0.763359296,2.041782591,-3.848217409,5.89,2.041782591,-3.848217409,5.89,13.4098681,29.54545455,59.80296369,46.67538811,6.830671754,-17.23275311,0.324888479,-86.5901319,-849.8262122,-0.021109973,-6.469719874,28.64715617,-0.197317558,-32,-34.23773529,3.268636762,0.079034767,-5946.706316,-4.509789465,14.28571429,38.53426688,-5.69430871,-23.38478345,28.57647098,816.6146937,479.781942,365.476058,422.629,5.89,11.30571429,-143.5408657,0.301959114,450.7019914,378.7139914,433.4820004,66.21243602,42.01859334,0.573163565,-1.8752,-33.501,8.698,42.89194224,38.18128939,23.0134
2016/1/6,432.45,432.67,426.54,429.56,5507.614226,440.19,439.0671429,422.629,406.688,432.7418205,433.2531644,409.9478891,398.8109476,0.441582418,-1.617892857,-3.11675188,444.53,408.5,403.1275,408.5,408.5,368.49,0.736343503,-0.645249471,-0.763359296,-0.137043494,-6.267043494,6.13,-0.137043494,-6.267043494,6.13,13.4098681,22.48180953,59.80296369,46.67538811,6.830671754,-17.23275311,0.324888479,-86.5901319,-849.8262122,-0.021109973,-6.469719874,28.64715617,-0.454146563,-32,-34.23773529,3.268636762,0.079034767,-5946.706316,-4.509789465,14.28571429,38.53426688,-5.69430871,-23.38478345,28.57647098,816.6146937,479.781942,365.476058,422.629,6.13,11.30571429,-143.5408657,0.301959114,450.7019914,378.7139914,433.1084766,66.21243602,42.01859334,0.573163565,-1.8752,-33.501,8.698,42.89194224,38.18128939,23.0134
2016/1/7,429.99,459.16,429.25,457,16833.41916,440.19,439.0671429,422.629,406.688,436.4738481,435.0121893,409.9478891,398.8109476,0.441582418,-1.617892857,-3.11675188,444.53,408.5,403.1275,408.5,408.5,371.81,0.736343503,-0.645249471,-0.763359296,22.89681986,-7.013180138,29.91,22.89681986,-7.013180138,29.91,13.4098681,77.60653288,59.80296369,46.67538811,6.830671754,-17.23275311,0.324888479,-86.5901319,-849.8262122,-0.021109973,-6.469719874,28.64715617,1.403321888,-32,-34.23773529,3.268636762,0.079034767,-5946.706316,-4.509789465,14.28571429,38.53426688,-5.69430871,-23.38478345,28.57647098,816.6146937,479.781942,365.476058,422.629,29.91,11.30571429,-143.5408657,0.301959114,450.7019914,378.7139914,435.3838597,66.21243602,42.01859334,0.573163565,-1.8752,-33.501,8.698,42.89194224,38.18128939,23.0134
2016/1/8,456.87,465,444.51,452.7,10258.99459,440.19,439.0671429,422.629,406.688,438.9701792,436.3223975,409.9478891,398.8109476,0.441582418,-1.617892857,-3.11675188,444.53,408.5,403.1275,408.5,408.5,373.05,0.736343503,-0.645249471,-0.763359296,26.38870274,5.898702739,20.49,26.38870274,5.898702739,20.49,13.4098681,69.29102441,59.80296369,46.67538811,6.830671754,-17.23275311,0.324888479,-86.5901319,-849.8262122,-0.021109973,-6.469719874,28.64715617,2.441879879,-32,-34.23773529,3.268636762,0.079034767,-5946.706316,-4.509789465,14.28571429,38.53426688,-5.69430871,-23.38478345,28.57647098,816.6146937,479.781942,365.476058,422.629,20.49,11.30571429,-143.5408657,0.301959114,450.7019914,378.7139914,437.033016,66.21243602,42.01859334,0.573163565,-1.8752,-33.501,8.698,42.89194224,38.18128939,23.0134
2016/1/9,452.02,454,446.68,448.84,4396.045001,440.19,439.0671429,422.629,406.688,440.4886131,437.2496273,409.9478891,398.8109476,0.441582418,-1.617892857,-3.11675188,444.53,408.5,403.1275,408.5,408.5,368.38,0.736343503,-0.645249471,-0.763359296,13.92745949,6.607459491,7.32,13.92745949,6.607459491,7.32,13.4098681,62.78724926,59.80296369,46.67538811,6.830671754,-17.23275311,0.324888479,-86.5901319,-849.8262122,-0.021109973,-6.469719874,28.64715617,2.88689194,-32,-34.23773529,3.268636762,0.079034767,-5946.706316,-4.509789465,14.28571429,38.53426688,-5.69430871,-23.38478345,28.57647098,816.6146937,479.781942,365.476058,422.629,7.32,11.30571429,-143.5408657,0.301959114,450.7019914,378.7139914,438.1574906,66.21243602,42.01859334,0.573163565,-1.8752,-33.501,8.698,42.89194224,38.18128939,23.0134
2016/1/10,448.84,449.89,440.8,448.79,4078.610654,440.19,439.0671429,422.629,406.688,441.7657496,438.1044697,409.9478891,398.8109476,0.441582418,-1.617892857,-3.11675188,444.53,408.5,403.1275,408.5,408.5,387.82,0.736343503,-0.645249471,-0.763359296,8.572108135,-0.517891865,9.09,8.572108135,-0.517891865,9.09,13.4098681,62.70514624,59.80296369,46.67538811,6.830671754,-17.23275311,0.324888479,-86.5901319,-849.8262122,-0.021109973,-6.469719874,28.64715617,3.166456416,-32,-34.23773529,3.268636762,0.079034767,-5946.706316,-4.509789465,14.28571429,38.53426688,-5.69430871,-23.38478345,28.57647098,816.6146937,479.781942,365.476058,422.629,9.09,11.30571429,-143.5408657,0.301959114,450.7019914,378.7139914,439.1701106,66.21243602,42.01859334,0.573163565,-1.8752,-33.501,8.698,42.89194224,38.18128939,23.0134
2016/1/11,448.2,451.13,438,448,7986.458431,441.608,439.0671429,422.629,406.688,442.724865,438.837472,409.9478891,398.8109476,0.441582418,-1.617892857,-3.11675188,444.53,408.5,403.1275,408.5,408.5,385,0.736614247,-0.645249471,-0.763359296,8.857521259,-4.272478741,13.13,8.857521259,-4.272478741,13.13,13.4098681,61.34032587,59.80296369,46.67538811,6.830671754,-17.23275311,0.324888479,-86.5901319,-849.8262122,-0.021109973,-6.469719874,28.64715617,3.263298482,-32,-34.23773529,3.268636762,0.079034767,-5946.706316,-4.509789465,14.28571429,38.53426688,-5.69430871,-23.38478345,28.57647098,816.6146937,479.781942,365.476058,422.629,13.13,11.30571429,-143.5408657,0.301959114,450.7019914,378.7139914,440.0110524,66.21243602,42.01859334,0.573163565,-1.8752,-33.501,8.698,42.89194224,38.18128939,23.0134
2016/1/12,448,448,434.35,434.85,6930.896549,441.738,439.0671429,422.629,406.688,441.5133473,438.5421037,409.9478891,398.8109476,0.441582418,-1.617892857,-3.11675188,445.77,408.5,403.1275,408.5,408.5,375.39,0.476719263,-0.645249471,-0.763359296,6.787875364,-6.862124636,13.65,6.787875364,-6.862124636,13.65,13.4098681,44.1242835,46.82938466,46.67538811,6.830671754,-17.23275311,0.324888479,-86.5901319,-849.8262122,-0.021109973,-6.469719874,28.64715617,2.30329178,-32,-34.23773529,0.299850075,0.079034767,-5946.706316,-4.509789465,14.28571429,38.53426688,-5.69430871,-23.38478345,28.57647098,816.6146937,479.781942,365.476058,422.629,13.65,11.30571429,-143.5408657,0.021724599,450.7019914,378.7139914,439.5195236,66.21243602,42.01859334,0.573163565,-1.8752,-33.501,8.698,42.89194224,38.18128939,23.0134
2016/1/13,434.78,438.35,424.5,432.64,10067.02105,441.898,439.0671429,422.629,406.688,440.148217,438.1049108,409.9478891,398.8109476,0.441582418,-1.617892857,-3.11675188,444.75,408.5,403.1275,408.5,408.5,375,0.121733638,-0.645249471,-0.763359296,-1.637535402,-15.4875354,13.85,-1.637535402,-15.4875354,13.85,13.4098681,41.99125198,33.39381599,46.67538811,6.830671754,-17.23275311,0.324888479,-86.5901319,-849.8262122,-0.021109973,-6.469719874,28.64715617,1.386786104,-32,-34.23773529,0.371195249,0.079034767,-5946.706316,-4.509789465,14.28571429,38.53426688,-5.69430871,-23.38478345,28.57647098,816.6146937,479.781942,365.476058,422.629,13.85,11.30571429,-143.5408657,0.026872691,450.7019914,378.7139914,438.8643309,66.21243602,42.01859334,0.573163565,-1.8752,-33.501,8.698,42.89194224,38.18128939,23.0134
2016/1/14,432.64,434,427,429.55,4420.91216,441.436,439.0671429,422.629,406.688,438.5177221,437.4712137,409.9478891,398.8109476,0.441582418,-1.617892857,-3.11675188,444.75,408.5,403.1275,408.5,408.5,370.91,-0.224421997,-0.645249471,-0.763359296,-4.496458916,-11.49645892,7,-4.496458916,-11.49645892,7,13.4098681,39.14210611,18.05825517,32.76048527,-11.34620504,-17.23275311,0.324888479,-86.5901319,-849.8262122,-0.021109973,-6.469719874,28.64715617,0.452330872,-32,-34.23773529,-1.064099316,0.032280257,-5946.706316,-4.509789465,14.28571429,38.53426688,-5.69430871,-23.38478345,28.57647098,816.6146937,479.781942,365.476058,422.629,7,11.30571429,-143.5408657,0.077647059,450.7019914,378.7139914,437.9772518,66.21243602,42.01859334,0.573163565,-1.8752,-33.501,8.698,42.89194224,38.18128939,23.0134
2016/1/15,429.55,429.8,360,360,37326.70141,434.193,433.7942857,422.629,406.688,426.4380725,431.7326053,409.9478891,398.8109476,-1.990461538,-1.617892857,-3.11675188,412.5,408.5,403.1275,408.5,408.5,373.2,-0.631043416,-0.645249471,-0.763359296,2.517320929,-67.28267907,69.8,2.517320929,-67.28267907,69.8,0,14.80036529,10.85596708,20.76934608,-8.970790926,-17.23275311,0.324888479,-100,-849.8262122,-0.021109973,-6.469719874,28.64715617,-5.423335513,-32,-34.23773529,-16.74953172,-0.082879126,-5946.706316,-4.509789465,14.28571429,38.53426688,-5.69430871,-23.38478345,28.57647098,816.6146937,479.781942,365.476058,422.629,69.8,15.48387755,-143.5408657,0.568926243,450.7019914,378.7139914,430.5508468,66.21243602,30.1690151,0.519429799,-1.8752,-33.501,8.698,42.89194224,38.18128939,23.0134
2016/1/16,360.62,392.07,352,386.91,25019.25199,429.928,430.4628571,422.629,406.688,420.3568306,428.4124123,409.9478891,398.8109476,-3.338065934,-2.789357143,-3.11675188,408.5,408.5,403.1275,408.5,408.5,379.66,-0.831336583,-0.645249471,-0.763359296,-29.44515349,-69.51515349,40.07,-29.44515349,-69.51515349,40.07,30.89380531,32.33423218,14.4543137,14.45617865,14.45058381,-17.23275311,0.324888479,-69.10619469,-849.8262122,-0.021109973,-6.469719874,28.64715617,-7.702453725,-32,-34.23773529,-9.928764317,-0.190435092,-5946.706316,-4.509789465,21.42857143,38.53426688,-5.69430871,-23.38478345,28.57647098,816.6146937,479.781942,365.476058,422.629,40.07,17.24002915,-143.5408657,0.281797159,450.7019914,378.7139914,426.3945757,66.21243602,24.03787448,0.541521684,-1.8752,-33.501,8.698,42.89194224,38.18128939,23.0134
2016/1/17,387.8,391.14,376,380.16,8416.943635,422.244,426.8285714,422.629,406.688,414.1727028,424.8381595,409.9478891,398.8109476,-4.756263736,-3.96975,-3.11675188,403,408.5,403.1275,408.5,408.5,377.98,-0.864757809,-0.645249471,-0.763359296,-24.46727442,-39.60727442,15.14,-24.46727442,-39.60727442,15.14,24.92035398,30.63136386,19.50054948,14.93694342,28.6277616,-17.23275311,0.324888479,-75.07964602,-849.8262122,-0.058465144,-6.469719874,28.64715617,-9.772418449,-32,-34.23773529,-16.81400438,-0.263352097,-5946.706316,-4.509789465,21.42857143,38.53426688,-5.69430871,-23.38478345,28.57647098,816.6146937,479.781942,365.476058,422.629,15.14,17.09002707,-143.5408657,0.588091229,450.7019914,378.7139914,421.9912828,66.21243602,28.71802561,0.51144001,-1.8752,-33.501,8.698,42.89194224,38.18128939,23.0134
2016/1/18,379.94,388.5,373.63,385.49,7015.529936,415.523,423.3514286,422.629,406.688,409.7599793,421.9234811,409.9478891,398.8109476,-5.695340659,-4.897928571,-3.11675188,401.565,408.5,403.1275,408.5,408.5,383.27,-0.863656573,-0.645249471,-0.763359296,-22.80480665,-37.67480665,14.87,-22.80480665,-37.67480665,14.87,29.63716814,33.6048308,30.76185618,21.57223979,49.14108897,-17.23275311,0.324888479,-70.36283186,-849.8262122,-0.102633513,-6.469719874,32.27030476,-10.75408777,-32,-34.23773529,-14.8464767,-0.298568134,-5946.706316,-4.509789465,21.42857143,38.53426688,-5.69430871,-23.38478345,28.57647098,816.6146937,479.781942,365.476058,422.629,14.87,16.93145371,-143.5408657,0.510365252,450.7019914,378.7139914,418.5149701,66.21243602,28.9562408,0.51325014,-1.8752,-33.501,8.698,42.89194224,38.18128939,23.0134
2016/1/19,385.47,386.92,375.59,376.76,7223.003242,408.315,419.375,422.629,406.688,404.6830594,418.578038,409.9478891,398.8109476,-6.727230769,-5.79225,-3.11675188,401.565,408.5,403.1275,408.5,408.5,390.99,-0.859420572,-0.645249471,-0.763359296,-19.44983427,-30.77983427,11.33,-19.44983427,-30.77983427,11.33,21.91150442,31.24261761,28.78968859,26.35069809,33.6676696,-17.23275311,0.324888479,-78.08849558,-849.8262122,-0.153291637,-6.469719874,27.10865209,-11.95584037,-32,-34.23773529,-16.05917476,-0.32005464,-5946.706316,-4.509789465,21.42857143,38.53426688,-5.69430871,-23.38478345,28.57647098,816.6146937,479.781942,365.476058,422.629,11.33,16.53134987,-143.5408657,0.527826596,450.7019914,378.7139914,414.5383063,66.21243602,28.47170559,0.48509388,-1.8752,-33.501,8.698,42.89194224,38.18128939,23.0134
2016/1/20,376.9,422.98,372.53,416.32,25172.91742,405.068,418.4292857,422.629,406.688,406.473358,418.4107759,409.9478891,398.8109476,-6.478747253,-5.54225,-3.11675188,400,408.5,403.1275,408.5,408.5,405,-0.630579836,-0.645249471,-0.763359296,15.18871349,-35.26128651,50.45,15.18871349,-35.26128651,50.45,56.92035398,48.80464524,41.92040755,33.82398411,58.11325442,-17.23275311,0.324888479,-43.07964602,-849.8262122,-0.188086573,-6.469719874,36.75382022,-9.709609395,-32,-34.23773529,-7.235009693,-0.303930512,-5946.706316,-4.509789465,28.57142857,38.53426688,-5.69430871,-23.38478345,28.57647098,816.6146937,479.781942,365.476058,422.629,50.45,18.9541106,-143.5408657,0.184415289,450.7019914,378.7139914,414.7079914,66.21243602,39.6002969,0.511903098,-1.8752,-33.501,8.698,42.89194224,38.18128939,23.0134
2016/1/21,418.9,421.25,404.59,409.59,9414.557072,401.227,415.0428571,421.4175,406.688,406.9528413,417.7573851,409.4952132,398.8109476,-5.459736264,-5.484964286,-3.126323308,395.175,408.5,403.1275,408.5,408.5,399.28,-0.368348072,-0.646909578,-0.763359296,13.20175442,-3.458245584,16.66,13.20175442,-3.458245584,16.66,50.96460177,46.62292863,52.89033034,41.20014216,76.27070669,-17.23275311,0.324888479,-49.03539823,-821.0841139,-0.213469525,-6.469719874,46.2403395,-8.378948188,-32,-34.23773529,-8.573660714,-0.234331014,-5946.706316,-4.509789465,21.42857143,38.53426688,-5.69430871,-23.38478345,28.59066978,817.4263987,478.5988396,364.2361604,421.4175,16.66,18.79024555,-143.5408657,0.211032361,451.0005637,377.4405637,414.2205637,66.21243602,36.32584987,0.467070005,-1.8752,-27.7535,8.698,42.89194224,38.18128939,23.46925
2016/1/22,409.42,410.07,374.45,382.55,14744.75776,395.997,410.0321429,418.8675,406.688,403.1985581,415.1494307,407.35445,398.8109476,-5.146659341,-5.248357143,-3.490007519,393,408.5,403.1275,408.5,408.5,407.51,-0.251248546,-0.69509059,-0.763359296,5.664360928,-29.95563907,35.62,5.664360928,-29.95563907,35.62,29.95098039,39.06647956,56.98326201,50.59799996,69.75378611,-17.23275311,0.324888479,-70.04901961,-764.1112245,-0.243334871,-6.469719874,54.36996056,-9.26194484,-32,-34.23773529,-12.02713579,-0.188198582,-5946.706316,-4.509789465,21.42857143,38.53426688,-5.69430871,-23.38478345,29.7042763,882.3440303,478.2760526,359.4589474,418.8675,35.62,19.99237087,-143.5408657,0.266972945,450.9893195,371.4193195,411.2043195,66.21243602,28.98769158,0.454762373,-1.8752,-24.7255,8.698,42.89194224,38.18128939,25.316
2016/1/23,382.85,395,381.05,386.4,7664.890928,391.373,405.5721429,416.6355,406.688,400.6141645,413.0198432,406.143692,398.8109476,-4.542483516,-4.772464286,-3.761631579,390.9,408.5,403.1275,408.5,408.5,415.54,-0.015308667,-0.731796724,-0.763359296,-6.833404919,-20.78340492,13.95,-6.833404919,-20.78340492,13.95,34.70190659,40.54406349,49.38857478,53.08738904,41.99094626,-17.23275311,0.324888479,-65.29809341,-703.5118012,-0.272820735,-6.469719874,54.23585507,-9.479265576,-32,-34.23773529,-10.68786982,-0.177497784,-5946.706316,-4.509789465,28.57142857,38.53426688,-5.69430871,-23.38478345,30.41023797,924.7825734,477.4559759,355.8150241,416.6355,13.95,19.56077295,-143.5408657,0.234079174,449.0190034,368.6650034,408.8420034,66.21243602,28.575558,0.461078843,-1.8752,-22.3115,8.698,42.89194224,38.18128939,26.55395
2016/1/24,386.37,405.97,385.36,402.16,5448.845213,388.634,402.2414286,415.035,406.688,400.8519854,412.2154104,405.3233938,398.8109476,-3.215208791,-3.776071429,-3.69156391,387.49,408.5,403.1275,408.5,408.5,421.18,0.552768104,-0.721233217,-0.763359296,4.089938641,-16.52006136,20.61,4.089938641,-16.52006136,20.61,50.60022193,46.28606169,50.71327654,52.36170444,47.41642072,-17.23275311,0.324888479,-49.39977807,-681.9667712,-0.293178818,-6.469719874,57.32018922,-8.311995618,-32,-34.23773529,-6.376440461,-0.174701953,-5946.706316,-4.509789465,35.71428571,38.53426688,-5.69430871,-23.38478345,30.28089401,916.9325421,475.596788,354.473212,415.035,20.61,19.63571774,-143.5408657,0.130298273,449.7016221,366.7096221,408.2056221,66.21243602,31.52426315,0.456518156,-1.8752,-15.631,8.698,42.89194224,38.18128939,26.5295
2016/1/25,402.16,402.31,385.5,390.9,8040.830856,391.724,398.1628571,412.9585,406.688,399.3209107,410.6364911,404.3445111,398.8109476,-2.030725275,-2.895892857,-3.761691729,397.755,408.5,403.1275,408.5,408.5,419.54,0.285312879,-0.730882984,-0.763359296,1.998518835,-14.81148116,16.81,1.998518835,-14.81148116,16.81,40.52083333,43.08454206,50.43200715,50.17795282,50.9401158,-17.23275311,0.324888479,-59.47916667,-679.7003224,-0.311150976,-6.469719874,68.19020992,-8.143910597,-32,-34.23773529,8.583333333,-0.117843966,-5946.706316,-4.509789465,35.71428571,38.53426688,-5.69430871,-23.38478345,30.44874335,927.1259713,473.8559867,352.0610133,412.9585,16.81,19.43388076,-143.5408657,0.203396524,449.1454676,363.9694676,406.5574676,61.81679014,31.70520543,0.425062637,-1.8752,-18.6385,8.698,42.89194224,38.18128939,26.8665
2016/1/26,390.1,397.7,386.2,391.77,6589.15355,392.21,395.0857143,411.069,406.688,398.1592321,409.2389732,403.3679297,398.8109476,-1.003912088,-1.809785714,-3.802255639,397.755,408.5,403.1275,408.5,408.5,434.63,0.213976667,-0.736636059,-0.763359296,-1.39126957,-12.89126957,11.5,-1.39126957,-12.89126957,11.5,46.0567458,43.41023577,48.40561741,49.85030036,45.51625149,-17.23275311,0.324888479,-53.9432542,-679.2194299,-0.325819586,-6.469719874,78.32246922,-7.819567845,-32,-34.23773529,1.256106071,-0.037591921,-5946.706316,-4.864003272,42.85714286,38.53426688,-5.69430871,-23.38478345,30.53671817,932.4911568,472.1424363,349.9955637,411.069,11.5,18.86717499,-143.5408657,0.038608198,448.2741374,362.0241374,405.1491374,67.53866645,31.91609084,0.45704248,-1.8752,-20.313,8.698,42.89194224,38.18128939,26.9069
2016/1/27,391.77,397,390.31,394.95,4262.629337,393.689,392.3935714,407.9665,406.688,397.6655041,408.1805308,398.9913061,398.8109476,0.230263736,-0.819071429,-3.307300752,397.755,408.5,403.1275,408.5,408.5,438.5,0.066174119,-0.681209842,-0.763359296,-1.499659631,-8.189659631,6.69,-1.499659631,-8.189659631,6.69,52.37804878,44.65685977,39.66303271,46.16688575,26.65532661,-17.23275311,0.324888479,-47.62195122,-738.2385729,-0.335604935,-5.429732977,85.03884595,-7.212543189,-32,-34.23773529,3.890467172,0.028814264,-5946.706316,-5.159657431,50,10.06699152,-5.69430871,-23.38478345,28.72280156,824.9993292,465.4121031,350.5208969,407.9665,6.69,17.99737678,-143.5408657,0.120922247,444.9807909,363.3747909,404.1777909,72.68943125,35.71515995,0.46460297,-1.8752,-14.7305,8.698,42.89194224,38.18128939,24.95815
2016/1/28,394.62,395.56,376,379.75,11414.0455,393.115,388.8364286,404.319,406.688,394.9092727,406.0745655,395.4175731,398.8109476,1.093956044,-0.129,-3.004075188,397.755,408.5,403.1275,408.5,408.5,438.27,-0.242633466,-0.650004687,-0.763359296,-0.261136827,-19.82113683,19.56,-0.261136827,-19.82113683,19.56,35.66838046,40.10868472,32.29600264,40.12155092,16.64490609,-17.23275311,0.324888479,-64.33161954,-845.6736418,-0.348093887,-5.09993211,82.12170597,-7.772400169,-32,-34.23773529,-1.489013982,0.039854348,-5946.706316,-5.551068433,50,-4.707828079,-5.69430871,-23.38478345,27.34187744,747.5782621,459.0027549,349.6352451,404.319,19.56,18.10899272,-142.4309412,0.043425632,442.5613347,361.1413347,401.8513347,63.59561458,34.43417146,0.45227669,-1.8752,-12.413,8.698,45.77268062,38.18128939,23.4028
2016/1/29,379.55,383.99,363.73,378.22,13544.14542,393.261,390.1378571,400.788,406.688,392.3416923,404.0112644,393.336563,398.8109476,-0.160021978,0.623428571,-2.673954887,392.49,408.5,403.1275,408.5,408.5,419.1,-0.698921051,-0.612994691,-0.763359296,-9.316688709,-29.57668871,20.26,-9.316688709,-29.57668871,20.26,36.93998309,39.67070756,27.98082556,33.31328697,17.31590274,-17.23275311,0.324888479,-63.06001691,-963.5971766,-0.361999311,-4.669558138,70.65625851,-8.174154944,-32,-34.23773529,0.387514598,0.010929409,-5946.706316,-4.716978236,50,-3.76511006,-5.69430871,-23.38478345,25.80663534,665.9824274,452.4012707,349.1747293,400.788,20.26,18.2626361,-155.6112746,0.011681869,441.6047314,357.5967314,399.6007314,59.84351066,39.73758714,0.503362573,-1.8752,-13.67,8.698,43.55917125,38.18128939,21.5596
2016/1/30,378.12,380.42,372.95,375.64,2587.107173,389.193,389.3328571,397.1305,406.688,389.7722012,401.9096892,392.118617,398.8109476,-0.680659341,-0.492464286,-2.275285714,386.9,408.5,403.1275,408.5,408.5,423.78,-0.655467791,-0.566844387,-0.763359296,-10.36287604,-17.83287604,7.47,-10.36287604,-17.83287604,7.47,20.10126582,38.89932805,21.73459166,27.33713995,10.52949507,-17.23275311,0.324888479,-79.89873418,-1132.967761,-0.37686106,-4.344874118,56.5539244,-8.529771638,-32,-34.23773529,-9.771329746,-0.036554832,-5946.706316,-4.383108909,42.85714286,-6.218928352,-5.69430871,-23.38478345,23.74685563,563.9131524,444.6242113,349.6367887,397.1305,7.47,17.49173352,-163.4448299,0.462272727,439.1607569,355.4767569,397.3187569,60.93006506,48.16722743,0.466854126,-1.8752,-13.0645,8.698,40.69280655,38.18128939,19.31965
2016/1/31,376.38,379.3,364.7,368.49,4166.66582,385.083,388.4992857,393.155,406.688,386.4980164,399.4341567,389.6365243,398.8109476,-1.578571429,-1.074107143,-1.881233083,384.85,408.5,403.1275,408.5,408.5,423.51,-0.640019658,-0.522188311,-0.781682895,-8.29817946,-22.89817946,14.6,-8.29817946,-22.89817946,14.6,8.033755274,36.76573111,20.72050505,23.47864076,15.20423365,-17.23275311,0.324888479,-91.96624473,-1377.089418,-0.394444279,-3.934904502,42.22802915,-9.185110143,-32,-34.23773529,-10.03442467,-0.116391373,-5946.706316,-4.011964871,42.85714286,-8.784466233,-5.69430871,-23.38478345,21.31324039,454.2542158,435.7814808,350.5285192,393.155,14.6,17.28518113,-159.5507708,0.464826962,436.562161,352.584161,394.573161,49.19061421,43.31755022,0.465769856,-1.8752,-13.745,8.698,38.44728388,38.18128939,16.7975
2016/2/1,368.49,378.2,366.53,371.81,7255.134218,384.009,387.5221429,390.003,406.688,384.2383215,397.3879229,387.6223581,398.8109476,-2.154615385,-1.699821429,-1.527819549,384.85,408.5,403.1275,408.5,408.5,432,-0.838460684,-0.465963842,-0.793190284,-7.142725251,-18.81272525,11.67,-7.142725251,-18.81272525,11.67,13.6371308,38.45379275,18.6996884,20.38492837,15.32920847,-17.23275311,0.324888479,-86.3628692,-1651.511384,-0.410923179,-4.325369741,39.33517314,-9.273789855,-32,-34.23773529,-2.807476147,-0.170518572,-5946.706316,-3.440428302,42.85714286,-23.73783046,-5.69430871,-23.38478345,19.39786209,376.2770537,428.7987242,351.2072758,390.003,11.67,16.88409676,-156.5107034,0.165996909,434.1962409,350.6142409,392.4052409,57.13950272,43.33633765,0.441117223,-1.8752,-15.221,8.698,35.87378293,38.18128939,14.7856
2016/2/2,371.79,375,369.73,373.05,5719.113324,382.674,387.2571429,387.0235,406.688,382.5170413,395.5851138,385.1320279,398.8109476,-2.922901099,-2.112428571,-1.096789474,383.02,408.5,403.1275,408.5,408.5,431.07,-0.919511101,-0.383430371,-0.802273095,-8.586621644,-13.85662164,5.27,-8.586621644,-13.85662164,5.27,15.72995781,39.10762598,18.18510729,19.20176692,16.15178805,-17.23275311,0.324888479,-84.27004219,-1985.962266,-0.42468647,-4.314329763,30.6543546,-9.094232784,-32,-34.23773529,-3.454968944,-0.169056767,-5946.706316,-2.734304191,50,-23.55678145,-5.69430871,-23.38478345,16.92274405,286.3792661,420.8689881,353.1780119,387.0235,5.27,16.05451842,-154.4274794,0.215010469,431.4948847,349.6288847,390.5618847,62.61359566,48.21112256,0.478739749,-1.8752,-13.5815,8.698,33.30028199,38.18128939,12.60755
2016/2/3,373.05,374,365,368.38,7107.786608,379.296,383.8328571,383.965,406.688,380.3421119,393.5699202,383.6859544,398.8109476,-2.504131868,-2.846785714,-0.691654135,380.715,403,403.1275,408.5,408.5,431.68,-0.900931023,-0.289599124,-0.807833046,-7.414247123,-16.41424712,9,-7.414247123,-16.41424712,9,8.084144645,37.49220201,18.99164374,18.62547981,19.72397159,-17.23275311,0.324888479,-91.91585535,-2439.16816,-0.437511943,-3.830115117,22.62794621,-9.157715413,-28,-34.23773529,-8.399641934,-0.141345767,-5946.706316,-2.808719944,42.85714286,-29.07909216,-5.69430871,-23.38478345,14.12946622,199.6418158,412.2239324,355.7060676,383.965,9,15.55062425,-167.6361268,0.662352941,429.5823242,347.3163242,388.4493242,61.37710481,32.51508111,0.443565995,-1.8752,-12.491,8.698,37.17517707,38.18128939,10.8805
2016/2/4,368.4,391.88,367.95,387.82,13446.47968,378.988,382.2778571,385.356,406.688,381.4925562,393.1440002,388.5234761,398.8109476,-1.541076923,-1.934928571,-1.014977444,380.365,401.565,403.1275,408.5,408.5,435.23,-0.541630068,-0.463051493,-0.788120956,9.550645323,-14.37935468,23.93,9.550645323,-14.37935468,23.93,51.98532585,47.25872084,36.75123924,24.64266342,60.96839087,-16.79753132,1.740887171,-48.01467415,-2416.696586,-0.439192531,-3.228226106,42.27422076,-7.607616287,-20,-32.07158824,-0.787925301,-0.132133924,-5946.706316,-2.600992762,50,-26.77469917,-12.95086049,-13.82383868,12.96764532,168.1598253,411.2912906,359.4207094,385.356,23.93,16.14915109,-158.0964075,0.05204461,424.9353886,351.8433886,388.3893886,73.99585204,34.50917846,0.481438741,-1.8752,-11.446,8.698,37.22479058,38.18128939,9.875
2016/2/5,388,389.5,382.99,385,7372.613956,378.311,382.4528571,385.2605,406.688,382.0321629,392.5407409,388.6049605,398.8109476,-1.45432967,-1.184071429,-0.995526316,379.645,401.565,403.1275,408.5,408.5,432.5,-0.182209338,-0.454353229,-0.77156543,6.789124563,0.279124563,6.51,6.789124563,0.279124563,6.51,50.35511364,46.1326859,50.97329143,35.57205814,81.77575802,-16.16995092,2.510321612,-49.64488636,-2505.511438,-0.4337736,-2.987465791,65.54621563,-6.538656337,-20,-27.84141176,-1.728054726,-0.118424493,-5946.706316,-1.926715444,50,-26.12030496,-16.97167121,-9.148633749,12.96263069,168.0297945,411.1857614,359.3352386,385.2605,6.51,15.46064029,-166.6692745,0.110747587,421.2565897,354.8765897,388.0665897,73.77174572,44.11883265,0.487249842,-1.8752,-8.0485,8.698,34.30814187,38.18128939,9.80555
2016/2/6,384.97,384.98,371.35,375.39,5735.697066,376.355,381.6664286,385.022,406.688,381.0102917,391.2703156,388.5778441,398.8109476,-1.526,-1.358214286,-1.217067669,377.805,400,403.1275,408.5,408.5,423.45,0.197845076,-0.549449334,-0.745312429,3.314963911,-10.31503609,13.63,3.314963911,-10.31503609,13.63,27.60416667,42.42305419,60.21742824,49.3139863,82.02431211,-15.57117001,2.395123612,-72.39583333,-2438.057217,-0.427557054,-2.62363924,81.06131894,-6.350278583,-16,-25.18405882,-4.952525636,-0.093898372,-5946.706316,-1.527800507,42.85714286,-27.37227993,-19.48994364,-7.882336285,13.10451935,171.7284274,411.2310387,358.8129613,385.022,13.65,15.33130885,-160.9491242,0.289520426,419.9002954,353.8182954,386.8592954,76.02965193,45.02678603,0.481027874,-1.8752,-7.094,8.698,32.26752488,38.18128939,10.0202
2016/2/7,375.39,380,373.04,375,2885.482418,375.88,379.7264286,384.4975,406.688,380.0856315,390.0651071,388.4746863,398.8109476,-1.040857143,-1.406535714,-1.352849624,378.29,395.175,403.1275,408.5,408.5,420.29,0.273230489,-0.602072075,-0.715700085,-0.712888076,-7.672888076,6.96,-0.712888076,-7.672888076,6.96,29.21202696,42.27448585,48.71340724,53.30137564,39.53747046,-14.99256154,2.314433896,-70.78797304,-2349.074057,-0.420467475,-2.405602419,65.22777954,-6.134207881,-12,-22.71688235,-1.25082291,-0.080592946,-5946.706316,-1.442051708,35.71428571,-29.31324219,-22.32862499,-6.984617201,13.29336909,176.7136618,411.0842382,357.9107618,384.4975,6.96,14.73335821,-161.8313626,0.090047393,417.9798387,353.4798387,385.7298387,76.86361326,40.61634112,0.442918654,-1.8752,-6.1795,8.698,32.5026174,38.18128939,10.44325
2016/2/8,375,378.99,369.99,370.91,6943.108167,375.149,378.2985714,384.205,406.688,378.6739958,388.6462102,388.2544221,398.8109476,-0.924395604,-1.066107143,-1.66912782,378.29,393,403.1275,408.5,408.5,408.01,0.214701436,-0.729580771,-0.68790112,-0.322475494,-9.322475494,9,-0.322475494,-9.322475494,9,21.13629673,40.66606428,34.05471756,47.66185101,6.840450645,-14.48801085,2.018202773,-78.86370327,-2267.882988,-0.41428763,-2.324043093,47.86183089,-6.176317146,-8,-20.01432353,-1.93273756,-0.089039978,-5946.706316,-1.211225605,35.71428571,-26.2175639,-24.55069561,-1.666868292,13.53475001,183.1894579,411.2745,357.1355,384.205,9,14.32383263,-159.0923705,0.132164166,416.3354255,352.3014255,384.3184255,98.17257428,41.23046167,0.427274715,-1.8752,-5.381,8.698,32.95958994,38.18128939,10.7065
2016/2/9,370.95,377,369.12,373.2,5779.680101,374.905,376.9721429,382.049,406.688,377.8318426,387.5020465,382.9687318,398.8109476,-0.625956044,-0.878535714,-1.319263158,378.44,390.9,403.1275,408.5,408.5,399.83,0.179794761,-0.683513095,-0.651195598,-1.439264709,-9.319264709,7.88,-1.439264709,-9.319264709,7.88,28.46408176,41.99673575,30.41638197,37.72816892,15.79280806,-13.9867708,2.004960199,-71.53591824,-2440.140307,-0.407121058,-1.913363535,46.50753482,-5.935219621,-4,-19.72223529,-0.649558088,-0.072040056,-5946.706316,-1.693155967,35.71428571,-31.29265894,-27.05160591,-4.241053032,11.41875138,130.3878832,404.8865028,359.2114972,382.049,7.88,13.86355887,-154.5620673,0.04434751,411.0195278,355.4995278,383.2595278,80.61769896,41.70361925,0.429661763,-1.8752,-6.149,8.698,33.5475393,38.18128939,9.2699
2016/2/10,373.69,383.85,372.12,379.66,10006.63329,376.022,375.88,380.5525,406.688,378.1130976,386.9211542,381.086125,398.8109476,0.043516484,-0.441392857,-0.918533835,378.44,387.49,403.1275,408.5,408.5,406.23,0.106215311,-0.57793601,-0.594120873,5.236344535,-6.493655465,11.73,5.236344535,-6.493655465,11.73,50.04712535,45.69652535,35.96410833,33.47840262,40.93551974,-13.37893742,2.431333511,-49.95287465,-2946.446921,-0.395692063,-2.07554875,57.37841018,-5.177292213,16,-19.42658824,3.031289859,-0.027042228,-5946.706316,-1.903778641,35.71428571,-26.52554347,-27.3613518,0.835808323,9.4026317,88.40948289,399.3577634,361.7472366,380.5525,11.73,13.71116181,-144.6950595,0.205595435,410.1837157,355.6497157,382.9167157,97.21407432,44.83783098,0.426034888,-1.8752,-5.7205,8.698,33.47063654,38.18128939,7.713
2016/2/11,379.34,380.5,373.54,377.98,7471.96039,376.639,375.7535714,380.324,406.688,378.0926211,386.2588465,380.7738502,398.8109476,0.231098901,0.087857143,-0.923744361,378.44,393.355,403.1275,408.5,408.5,414.01,0.022739331,-0.580940684,-0.531873957,1.976866744,-4.983133256,6.96,1.976866744,-4.983133256,6.96,50.62166963,44.89451618,44.44444444,36.94164491,59.45004351,-12.73246715,2.585881066,-49.37833037,-3094.945355,-0.38192638,-1.936810497,70.81103522,-4.652928153,-36,-17.36926471,1.659449719,0.018760695,-5946.706316,-1.914452092,35.71428571,-15.62796322,-26.48037199,10.85240878,9.40706252,88.49282526,399.138125,361.509875,380.324,6.96,13.22893596,-145.2860753,0.117100019,406.8475523,358.0455523,382.4465523,84.07178664,46.69673509,0.457907263,-1.8752,-4.974,8.698,32.05927108,38.91597585,7.6732
2016/2/12,377.98,383.48,377.07,383.27,5996.092361,377.661,376.1142857,380.1675,406.688,378.8891409,386.0374504,380.5752465,398.8109476,0.527164835,0.375678571,-0.785721805,379.915,393.355,403.1275,408.5,408.5,411.75,0.080966123,-0.498415062,-0.436122815,4.278742924,-2.131257076,6.41,4.278742924,-2.131257076,6.41,68.32229581,47.98990276,55.61581315,45.34145531,76.16452884,-11.98225034,3.000867235,-31.67770419,-3274.68491,-0.363836725,-1.645924653,87.52691005,-3.792526321,-36,-14.55752941,2.739579145,0.062676463,-5946.706316,-1.797528944,42.85714286,-12.8082312,-24.67249855,11.86426735,9.326349133,86.98078816,398.8201983,361.5148017,380.1675,6.41,12.74186911,-147.8104399,0.180119845,406.1719759,358.8779759,382.5249759,95.97038468,57.00392816,0.475909857,-1.8752,-3.1635,8.698,30.90909733,37.23413429,7.46975
2016/2/13,383,390.99,382,390.99,7324.966341,379.922,377.2107143,379.609,406.688,380.7508115,386.404306,380.2875719,398.8109476,0.936549451,0.800214286,-0.283864662,380.055,393.355,403.1275,408.5,408.5,413,0.126112647,-0.204617188,-0.270696111,10.10463679,1.114636792,8.99,10.10463679,1.114636792,8.99,96.72553348,52.20893725,70.76958299,56.9432802,98.42218859,-11.05585675,3.705574361,-3.274466519,-3603.078877,-0.339072504,-1.283218074,92.48957409,-2.515656755,-36,-10.42564706,6.137683913,0.104819513,-5946.706316,-1.657407738,50,-12.86378206,-23.1268411,10.26305904,8.20735543,67.36068316,396.0237109,363.1942891,379.609,8.99,12.47387846,-141.4123658,0.378156882,405.8161686,360.8461686,383.3311686,78.3738456,59.19162505,0.521616493,-1.8752,1.411,8.698,30.84568982,35.76924819,6.7629
2016/2/14,390.99,406.71,390.59,405,9758.392711,381.64,379.8185714,380.314,406.688,384.4814559,387.7817648,381.3594861,398.8109476,1.443032967,1.455678571,0.257142857,387.915,393.355,403.1275,408.5,408.5,416,0.645274129,0.156858254,-0.281635608,22.37968868,6.259688679,16.12,22.37968868,6.259688679,16.12,95.90026373,58.74878546,86.49032543,70.95857386,117.5538286,-9.81888215,4.94789841,-4.099736274,-3317.76316,-0.303233978,-0.869504313,100,-0.482271842,-36,-3.957205882,4.429890155,0.145221198,-5946.706316,-0.860479712,57.14285714,-9.832780083,-21.31711611,11.48433603,9.698422769,94.05940421,399.7108455,360.9171545,380.314,16.12,12.73431571,-137.3140759,0.316041207,407.8108669,362.9788669,385.3948669,96.99808286,65.61460477,0.56692589,-1.8752,7.066,8.698,32.65079475,35.54903931,7.6602
2016/2/15,405.5,409.71,393.4,399.28,7906.697736,383.068,381.7807143,380.6895,406.688,386.758155,388.6334859,381.857805,398.8109476,1.735054945,1.659,0.708969925,389.415,392.49,403.1275,408.5,408.5,419.13,0.875401119,0.407512287,-0.191343167,23.24401887,6.934018867,16.31,23.24401887,6.934018867,16.31,76.67188548,55.41461443,89.91831119,82.39273987,104.9694538,-8.52096568,5.191665882,-23.32811452,-3051.306024,-0.263623021,-0.029166617,94.77154763,0.612680107,-32,1.922088235,3.709090909,0.171947592,-5045.994795,-0.240940415,50,-1.121533274,-18.40036648,17.27883321,10.29250595,105.9356787,401.2745119,360.1044881,380.6895,16.31,12.98972173,-131.5540645,0.249388753,409.6142605,363.8202605,386.7172605,104.7852249,66.02209727,0.560359666,-1.8752,10.6145,8.698,34.74466752,35.30922523,8.14835
2016/2/16,399.5,407.8,396,407.51,8354.830321,386.28,384.2421429,381.3175,406.688,389.9507465,390.0317462,382.9091122,398.8109476,2.182351648,2.052964286,1.317285714,389.415,386.9,403.1275,408.5,408.5,410.9,0.934727514,0.676574754,-0.101869844,18.32773046,6.527730458,11.8,18.32773046,6.527730458,11.8,95.07940058,59.01845674,88.11162645,88.17342103,87.98803731,-7.102165105,5.675202298,-4.920599418,-2799.424504,-0.218516159,0.419361716,94.77154763,2.029128993,-28,7.766470588,8.556434641,0.192966096,-3976.794451,0.140980236,50,-6.176046313,-15.82956694,9.653520627,11.51856071,132.6772408,404.3546214,358.2803786,381.3175,11.8,12.90474161,-124.5975831,0.57480315,412.1055214,365.2895214,388.6975214,105.5952398,67.05691267,0.585034145,-1.8752,15.8925,8.698,36.8385403,35.06941114,8.96475
2016/2/17,407.51,421.11,404,415.54,11842.77783,390.334,387.6107143,383.107,406.688,393.8875548,391.9212465,385.703316,398.8109476,2.553648352,2.555607143,1.781428571,395.115,392.42,403.1275,408.5,408.5,413.04,0.969700043,0.762943991,0.027249327,27.91376896,10.80376896,17.11,27.91376896,10.80376896,17.11,89.52219714,62.22664064,86.0567876,88.02890841,82.11254597,-5.537671356,6.257974997,-10.47780286,-2180.04608,-0.167169215,0.749511811,94.77154763,3.646419421,76,14.75026471,10.81066667,0.238574661,-2638.36629,0.712951672,57.14285714,0.199321134,-12.89435749,13.09367863,13.81369233,190.8180958,410.7343847,355.4796153,383.107,17.11,13.20511721,-118.6937375,0.638224181,414.4169479,368.0909479,391.2539479,113.1019577,74.88745924,0.606384418,-1.8752,20.557,8.698,36.09691321,36.63604514,10.9554
2016/2/18,415.59,424.9,413.4,421.18,8588.926689,395.361,389.9935714,385.255,406.688,398.0863925,394.0885616,388.4798039,398.8109476,3.51967033,2.914071429,2.248165414,398.51,394.315,403.1275,408.5,408.5,414.99,0.976045306,0.823274796,0.115230565,27.70608768,16.20608768,11.5,27.70608768,16.20608768,11.5,93.33094299,64.33828792,92.27274091,88.81371832,99.1907861,-3.861268916,6.705609762,-6.66905701,-1717.175858,-0.110652914,1.388483681,100,5.208595451,80,20.56802941,13.55315306,0.31819866,-935.6193293,1.132172964,57.14285714,2.887188911,-9.09659662,11.98378553,16.15539066,260.9966474,417.5657813,352.9442187,385.255,11.5,13.08332312,-128.356991,0.772552636,416.3910481,371.8170481,394.1040481,136.0269498,73.95748644,0.595397507,-1.8752,24.447,8.698,37.04432354,37.13455706,13.0535
2016/2/19,421.15,422,414,419.54,5015.538102,399.995,392.4607143,387.45,406.688,401.3869475,395.9738533,389.7510129,398.8109476,4.199230769,3.598392857,2.586135338,399.22,394.315,403.1275,408.5,408.5,415.85,0.970944711,0.864897489,0.339576237,21.61378944,13.61378944,8,21.61378944,13.61378944,8,90.39082108,63.23136407,90.60071329,89.64341393,92.515312,-2.219968691,6.565200899,-9.609178917,-1450.993353,-0.053686802,2.17258121,98.4413183,6.162468607,80,23.08611765,12.41693462,0.381392162,406.2327546,1.470503718,57.14285714,5.480992326,-5.540314865,11.02130719,17.68970679,312.9257263,422.8294136,352.0705864,387.45,8,12.72022861,-129.8298247,0.719341819,418.8665197,374.1865197,396.5265197,119.7013277,68.33524848,0.62280781,-1.8752,25.16,8.698,39.83426488,37.07120337,14.726
2016/2/20,419.98,443.96,419.5,434.63,11633.27274,405.492,396.6921429,390.757,406.688,406.5012633,398.8372716,393.6619694,399.4539128,4.841296703,4.466107143,2.960766917,410.515,403.845,403.1275,408.5,408.5,416.57,0.976189544,0.876190969,0.533070642,38.68181952,14.22181952,24.46,38.68181952,14.22181952,24.46,87.5334046,68.58675441,89.52248845,90.79864755,86.97017025,-0.440897631,7.116284242,-12.4665954,-1181.914687,0.008749282,3.096772619,98.4413183,7.892498746,88,27.70464706,14.47874414,0.407148474,2037.683443,2.111918851,64.28571429,8.688034842,-2.838537303,11.52657215,19.99122784,399.6491905,430.7394557,350.7745443,390.757,24.46,13.55878371,-128.6401929,0.752498289,423.4814226,376.8294226,400.1554226,128.6734121,75.37284596,0.645818948,3.6056,28.923,8.698,44.27433071,38.2709278,16.7614
2016/2/21,434.63,447.99,426,438.5,10300.3526,411.544,401.2278571,394.0915,406.688,411.4241458,401.7752515,397.5591045,400.1237427,5.320681319,4.97875,3.343646617,414.995,405.86,403.1275,408.5,408.5,418.49,0.976188536,0.894522981,0.598608621,37.9658453,15.9758453,21.99,37.9658453,15.9758453,21.99,87.96754152,69.80155395,87.07820761,89.06713645,83.10034993,1.394012161,7.339639164,-12.03245848,-998.6438021,0.074021723,4.01598315,98.4413183,9.336694737,92,33.07864706,16.01142918,0.41650509,4043.532539,2.818406687,71.42857143,11.53417525,-0.133825475,11.66800072,22.11377524,489.0190555,438.3190505,349.8639495,394.0915,21.99,14.16101345,-126.4284549,0.804359383,428.1652871,379.4492871,403.8072871,163.9975904,79.46711913,0.666306877,9.5586,31.7865,8.698,47.29777677,39.90019709,18.8448
2016/2/22,438.33,439.5,431.15,438.27,5840.316055,417.044,406.0392857,397.3525,406.688,415.5542772,404.4785662,399.931404,400.3046084,5.379538462,5.249107143,3.642533835,419.29,405.86,403.1275,408.5,408.5,407.91,0.971854334,0.912880901,0.661888577,25.44072455,17.09072455,8.35,25.44072455,17.09072455,8.35,87.6759224,69.62921444,84.91232066,87.17100558,80.39495084,3.160884831,7.067490684,-12.3240776,-904.7697709,0.138013547,4.819676784,99.79339371,10.23945713,92,36.04235294,14.35019699,0.409791818,5842.998051,3.430947854,71.42857143,6.246530148,1.989542549,4.2569876,23.60605941,557.2460408,444.5646188,350.1403812,397.3525,8.35,13.74594106,-133.6662111,0.78369906,431.7554503,382.4234503,407.0894503,184.0412181,79.5408999,0.719912047,14.914,33.0715,8.698,50.68368363,41.82163678,20.32775
2016/2/23,438.26,440,414,419.1,10509.60508,419.855,409.3178571,399.8885,406.688,416.0997731,405.5616353,402.5477525,400.3131837,4.670087912,4.697392857,3.49575188,420.695,405.86,400.495,408.5,408.5,409.04,0.809628626,0.897325397,0.743549359,25.22062104,-0.77937896,26,25.22062104,-0.77937896,26,61.92170819,56.99768489,71.92115158,81.30389328,53.15566816,4.479440319,5.27422195,-38.07829181,-923.0139863,0.188416949,5.287233779,82.65784997,9.3158183,92,36.75220588,7.189442185,0.357929949,7117.540675,3.833597783,64.28571429,9.960339134,4.188778017,5.771561117,23.04754451,531.1893082,445.983589,353.793411,399.8885,26,14.62123098,-130.0624378,0.344358692,434.5993121,381.8673121,408.2333121,163.4921873,75.82741333,0.696939715,18.0264,30.1195,8.698,51.63857223,42.59305576,20.02735
2016/2/24,419.1,424.28,409.07,423.78,7258.357303,421.733,412.4692857,401.6865,406.688,417.2813464,406.9111438,404.7975336,400.412755,4.10556044,4.156,3.646503759,421.995,406.345,397.7,408.5,408.5,411.28,0.689714173,0.919739888,0.792140853,8.214818035,-6.995181965,15.21,8.214818035,-6.995181965,15.21,67.48153123,58.95531139,61.19259137,72.67535454,38.22706504,5.51233554,4.131580883,-32.51846877,-933.6633809,0.22941671,5.67446126,68.142217,8.822932915,84,36.37676471,4.637037037,0.262162103,8077.763164,4.124412749,64.28571429,14.86196991,5.964722815,8.897247093,23.45555243,550.1629397,448.5976049,354.7753951,401.6865,15.21,14.66328591,-134.0615411,0.259751037,435.2079491,384.2199491,409.7139491,184.559386,69.19687626,0.720106189,20.0774,29.1695,8.698,52.72082692,43.09573173,20.6185
2016/2/25,423.79,426.75,415.79,423.51,5597.967199,424.156,415.7214286,403.612,406.688,418.2396008,408.1406887,406.4176323,400.3446587,3.284,3.611785714,3.694796992,425.995,406.345,396.675,408.5,408.5,411.67,0.455591328,0.92645613,0.836787616,9.621272601,-1.338727399,10.96,9.621272601,-1.338727399,10.96,65.4822335,58.78903258,48.28752029,60.46708775,23.92838539,6.295166945,3.131325622,-34.5177665,-916.238917,0.261685059,5.866908626,51.51910039,8.290407705,84,33.43152941,6.068423162,0.177570786,9030.638734,4.365561534,64.28571429,11.25861662,7.901907586,3.356709039,23.59390055,556.6721432,450.7998011,356.4241989,403.612,10.96,14.39876549,-137.5396655,0.362453254,436.9668587,385.0888587,411.0278587,160.263914,74.76170037,0.724852513,22.6214,25.02,8.698,54.85433276,43.45680192,20.6828
2016/2/26,423.38,432,418.01,432,4635.120227,426.605,419.2021429,406.4425,406.688,420.3565853,409.9080451,408.347618,398.5372301,2.679274725,3.075214286,3.654729323,428.53,406.495,396.675,408.5,408.5,416.64,0.30051325,0.923014594,0.889791356,12.74680509,-1.243194913,13.99,12.74680509,-1.243194913,13.99,75.76905592,62.38188674,52.23335533,53.904489,48.89108799,7.001330913,2.824655869,-24.23094408,-929.2627062,0.290342838,5.782829498,54.59634657,8.388770644,72,29.94588235,6.009668474,0.141303091,10054.88461,4.607117155,64.28571429,5.45613056,8.485997522,-3.029866962,23.42505786,548.7333355,453.2926157,359.5923843,406.4425,13.99,14.36956795,-138.5914764,0.36492326,438.9982055,387.0522055,413.0252055,158.7664124,74.60055684,0.727192606,25.5704,20.8895,8.698,58.70950321,44.80930027,20.26925
2016/2/27,432,435,428.22,431.07,4159.35798,428.158,422.065,409.246,406.688,422.004803,411.4755973,409.5787671,397.582732,2.088285714,2.473607143,3.510090226,428.53,406.495,395.76,408.5,408.5,417.62,0.13830787,0.910343073,0.90725477,14.05869007,7.278690074,6.78,14.05869007,7.278690074,6.78,70.52264808,61.74684612,53.26430701,51.26172754,57.26946594,7.591627877,2.361187857,-29.47735192,-964.2470542,0.314227183,5.842080113,50.44989644,8.254102242,72,28.14567647,3.737305675,0.138402561,10836.2867,4.715074961,57.14285714,2.994280274,8.497896563,-5.503616289,22.81115157,520.3486358,454.8683031,363.6236969,409.246,6.78,13.82745596,-143.1681621,0.258790202,440.6987573,388.7887573,414.7437573,165.5078093,74.03181336,0.685789319,27.556,16.646,8.698,61.77003071,46.30786026,19.5414
2016/2/28,431.07,435,422.29,431.68,3501.189413,429.208,423.9707143,412.2845,406.688,423.4932948,412.9722198,411.8619556,397.3416574,1.800417582,1.937107143,3.225270677,428.53,406.495,391.8575,408.5,408.5,415.17,0.030987292,0.889877805,0.919150294,12.52459149,-0.185408508,12.71,12.52459149,-0.185408508,12.71,70.1227331,62.01995139,57.84515245,54.44760493,64.64024749,8.070786644,1.916635069,-29.8772669,-1068.96434,0.333493886,5.749896033,49.25029826,8.06287612,72,27.45291176,2.492995869,0.124265149,11414.2355,4.53122748,57.14285714,-1.227780552,7.752477354,-8.980257906,21.44222334,459.7689418,455.1689467,369.4000533,412.2845,12.71,13.74763767,-146.2810324,0.190978538,442.6827328,390.0307328,416.3567328,151.1853332,69.23369617,0.674708445,28.9492,16.1235,8.698,61.12179026,46.8862925,18.1386
2016/2/29,430.26,440.99,428.12,435.23,8463.348832,430.777,426.5385714,415.386,406.688,425.2989418,414.6209442,414.5942471,397.5913363,1.308131868,1.744321429,2.93593985,428.53,407.97,390.965,408.5,403,415.7,-0.11110838,0.871788647,0.92678103,16.69250699,3.822506993,12.87,16.69250699,3.822506993,12.87,75.45681862,63.6465904,60.61151079,57.24032342,67.35388554,8.493411069,1.690497702,-24.54318138,-1217.732923,0.349858959,5.484817709,47.28488842,8.051420721,68,29.77582353,3.739810268,0.102873863,11550.89478,4.674919023,64.28571429,-5.639266089,6.160555028,-11.79982112,19.92369877,396.9537726,455.2333975,375.5386025,415.386,12.87,13.68494927,-148.7902741,0.275795395,444.9791868,391.3291868,418.1541868,182.7803208,69.58374749,0.688417912,30.7894,15.312,8.698,60.46972525,47.60719639,16.4012
2016/3/1,436.75,437.5,427.01,432.5,6941.516214,430.564,428.3235714,418.028,406.666,426.4067969,415.9453187,417.7303519,397.2294138,0.851142857,1.211892857,2.616330827,425.03,408.555,390.605,408.5,401.565,416.96,0.050864335,0.842107921,0.923180791,12.03072028,1.54072028,10.49,12.03072028,1.54072028,10.49,64.78745169,61.4664097,66.23686014,61.56450779,75.58156482,8.795532436,1.208485468,-35.21254831,-1413.355303,0.361478661,5.271968878,44.24742583,7.706760992,48,30.83752941,-0.490072015,0.076573085,11566.81872,4.625131764,57.14285714,-4.286041734,4.402753142,-8.688794875,18.380568,337.84528,454.789136,381.266864,418.028,10.49,13.45673861,-149.3611349,0.047832922,446.2214548,392.8194548,419.5204548,179.2969225,62.58760675,0.656127329,30.8864,14.468,11.362,59.6962144,48.26737735,14.6626
2016/3/2,433.33,434.5,421.31,423.45,5788.383632,429.059,428.8885714,420.3015,406.4976667,425.951905,416.501221,419.9397428,396.9826981,0.290461538,0.569714286,2.061451128,425.03,408.555,388.9025,408.5,401.565,424.77,0.122495997,0.772036607,0.907998023,9.319188811,-3.870811189,13.19,9.319188811,-3.870811189,13.19,36.94758479,54.7687814,61.88906018,62.91247704,59.84222647,8.841852858,0.185281686,-63.05241521,-1782.397918,0.364255089,4.971679003,28.94341358,6.64987754,48,30.17855882,-3.432155074,0.028680843,11115.69114,4.273496911,50,-2.590952766,3.420810596,-6.011763361,15.7968019,249.5389503,451.8951038,388.7078962,420.3015,13.19,13.43768585,-149.7280246,0.302755985,447.2186972,392.5706972,419.8946972,171.4316323,54.56316096,0.619540525,29.6094,10.4845,13.80383333,56.26282015,46.17986668,12.2182
2016/3/3,422.4,424.47,415.85,420.29,7483.646756,427.261,428.825,422.1525,406.3185,425.0808427,416.7818713,421.4141605,396.5624285,-0.209340659,0.021035714,1.476578947,425.03,408.555,386.7325,408.5,400,422.87,0.201171526,0.662703802,0.884681823,-0.012123876,-8.632123876,8.62,-0.012123876,-8.632123876,8.62,28.82836588,52.61302514,51.20091896,59.77561309,34.05153071,8.654845684,-0.748028697,-71.17163412,-2272.475516,0.358762256,4.241026173,11.63378765,5.518809228,48,26.52679412,-4.102493896,-0.043668228,10511.67921,3.800855339,42.85714286,-8.219489533,1.400829633,-9.620319165,13.18169419,173.7570618,448.5158884,395.7891116,422.1525,8.62,13.09356543,-149.2661497,0.34156535,447.4773451,392.3873451,419.9323451,170.0426579,46.50489027,0.608009059,28.0584,6.4775,15.834,52.56293306,44.8036283,10.09425
2016/3/4,420.29,423.9,406.02,408.01,7789.003709,426.152,428.0014286,423.0035,405.8825,422.4545592,416.1321031,422.1966933,396.4343507,-1.110153846,-0.690464286,0.782503759,423.505,408.555,385.645,408.5,399.995,415.95,-0.449931398,0.402307767,0.827680412,1.771036678,-16.10896332,17.88,1.771036678,-16.10896332,17.88,4.741482011,45.17201335,28.6303644,47.24011451,-8.589135838,8.115750146,-2.156382151,-95.25851799,-2685.544733,0.341367945,3.305194571,0,3.672910331,48,22.66405882,-2.646146504,-0.101428408,9780.954888,3.230682317,42.85714286,-13.32066438,-1.730574178,-11.59009021,11.506998,132.4110029,446.017496,399.989504,423.0035,17.88,13.43545362,-142.6731023,0.242404372,447.2308836,390.3628836,418.7968836,144.5080412,45.29164491,0.566494597,27.3802,0.8925,17.121,49.22502369,44.52964429,9.15815
2016/3/5,408.18,408.98,382,399.83,16436.40386,423.757,425.5157143,422.745,405.3391667,418.9738578,414.9245399,420.9324086,399.7926768,-1.696527473,-1.606285714,0.16718797,411.495,408.555,384.67,408.5,399.995,413.74,-0.727243133,0.082555269,0.759832622,-9.963397133,-36.94339713,26.98,-9.963397133,-36.94339713,26.98,27.01924534,41.01117754,23.68880994,34.50669777,2.053034285,7.235228163,-3.522087931,-72.98075466,-2635.578547,0.312249794,2.253986685,0,1.630788667,48,14.16017647,-5.651517297,-0.125275238,9058.537724,2.368144664,35.71428571,-6.11391616,-3.660855598,-2.453060562,11.9810326,143.5451421,446.7070652,398.7829348,422.745,26.98,14.40292121,-140.3927514,0.486294416,446.5105138,387.4705138,416.9905138,107.3864101,32.38464652,0.569515953,24.1886,-5.929,17.40583333,46.81045505,45.54239288,9.4425
2016/3/6,399.77,412.31,393.11,406.23,5692.009309,422.029,423.2107143,423.0925,404.9503333,417.0132643,414.2804999,421.4939932,400.6850527,-1.819494505,-1.860571429,-0.439240602,411.495,410.055,382.965,408.5,399.995,414.66,-0.884606402,-0.228975532,0.702350955,-4.817197543,-24.01719754,19.2,-4.817197543,-24.01719754,19.2,41.07475843,45.25962501,25.6636041,25.99425948,25.00229335,6.27248283,-3.850981332,-58.92524157,-2681.409853,0.279125903,1.682961306,4.948449685,0.560933071,44,7.358676471,-4.080187009,-0.132420323,8331.533475,1.553965324,35.71428571,-11.18292373,-5.509639408,-5.673284319,11.34873416,128.7937671,445.7899683,400.3950317,423.0925,19.2,14.7455697,-139.3574786,0.312026002,445.7747029,386.1567029,415.9657029,123.8188245,28.83278243,0.577722605,22.0742,-11.5305,18.14216667,44.44449064,45.8711337,9.06025
2016/3/7,406.15,414.96,403.03,414.01,5937.733796,420.23,421.4778571,423.4175,404.2338333,416.5512236,414.2604629,421.9658897,401.3151127,-1.585912088,-1.708357143,-0.815030075,411.495,410.765,385.8975,408.5,399.995,416.31,-0.850656768,-0.439718709,0.647381907,-1.721883608,-13.65188361,11.93,-1.721883608,-13.65188361,11.93,54.26343448,49.97614807,41.85455162,30.40232189,64.75901108,5.418499294,-3.415934144,-45.73656552,-2798.459285,0.247987965,1.165102529,18.15043336,0.334578775,40,2.499323529,-4.164351852,-0.135488131,7312.032575,0.78958552,42.85714286,-10.80708842,-7.043124819,-3.763963604,10.9656079,120.2445566,445.3487158,401.4862842,423.4175,11.93,14.54445758,-135.1535417,0.329065301,445.6014455,385.9574455,415.7794455,123.7489076,34.72613828,0.582556477,19.5982,-13.7435,19.18366667,41.25191743,45.96780053,8.70275
2016/3/8,413.96,414.99,408.46,411.75,5576.258204,418.298,420.9528571,423.228,403.5513333,415.8125739,414.0745027,422.0959215,401.7399099,-1.942241758,-1.53175,-1.106090226,411.495,412.53,386.635,408.5,405.86,419,-0.812097848,-0.587393472,0.57674794,-0.987328807,-7.517328807,6.53,-0.987328807,-7.517328807,6.53,50.43227666,48.66443336,48.59015652,38.70277075,68.36492807,4.629045937,-3.157813426,-49.56772334,-2763.839262,0.217963522,0.61621028,29.42076135,-0.007413325,36,-0.429588235,-4.481870694,-0.134436008,6286.827341,0.390555158,42.85714286,-9.978278509,-8.015402369,-1.96287614,11.14026344,124.1054695,445.5085269,400.9474731,423.228,6.53,13.97199632,-142.9057462,0.345,444.1596888,386.6316888,415.3956888,107.7731944,42.39279229,0.604533237,17.141,-15.262,19.67666667,39.72363594,45.68110409,8.9112
2016/3/9,412.14,413.51,408.75,413,4876.78893,416.43,420.1828571,422.819,402.954,415.3798702,413.9949099,421.8415079,402.334236,-2.076263736,-1.776892857,-1.284541353,409.75,414.995,386.705,408.5,405.86,419.11,-0.71400498,-0.668538533,0.492754217,-2.04199612,-6.80199612,4.76,-2.04199612,-6.80199612,4.76,52.55127988,49.45464624,53.517189,47.98729905,64.5769689,3.930815785,-2.792920611,-47.44872012,-2622.474307,0.190159731,-0.036145161,36.90632198,-0.168689874,-52,-2.113676471,-4.327279466,-0.131655639,5621.870878,-0.003032601,42.85714286,-9.201842071,-8.411244145,-0.790597926,11.36725672,129.2145253,445.5535134,400.0844866,422.819,4.76,13.31399658,-146.648926,0.32980226,443.2575279,387.0775279,415.1675279,102.2909995,48.71117055,0.599228255,14.5482,-13.855,19.865,38.72481713,45.72282203,9.3611
2016/3/10,412.99,416.9,409.31,416,5255.299453,414.507,419.6464286,422.642,402.4075,415.4752748,414.1434351,421.708183,401.5890338,-2.086087912,-1.791535714,-1.433729323,408.25,414.995,390.635,408.5,405.86,418.75,-0.474275527,-0.740902733,0.403356819,1.284003325,-6.305996675,7.59,1.284003325,-6.305996675,7.59,57.63688761,51.38865875,57.01667909,53.04134154,64.9673542,3.365269071,-2.262186856,-42.36311239,-2540.683411,0.166099377,-0.564056592,38.98641168,-0.062718879,-52,0.619323529,-4.418353514,-0.141373291,4911.861863,-0.23516113,50,-7.022026652,-8.715242469,1.693215817,11.44827342,131.0629642,445.5385468,399.7454532,422.642,7.59,12.90513969,-147.0040703,0.342841861,443.295811,387.197811,415.246811,118.7359945,48.46307405,0.61187421,12.6316,-10.444,20.2345,37.51988598,46.18710937,9.5558
2016/3/11,416,421.91,415.11,419.13,5950.807049,413.17,418.7271429,421.867,401.9263333,416.0375402,414.5128102,420.5076531,401.6670188,-1.693582418,-1.707857143,-1.294616541,403.235,414.995,390.9525,408.5,405.86,422.71,-0.001083419,-0.689149422,0.315400714,5.79200285,-1.00799715,6.8,5.79200285,-1.00799715,6.8,62.94287167,53.392404,69.34805976,59.96064261,88.12289404,2.954799852,-1.641876875,-37.05712833,-2657.794929,0.14673749,-0.941211508,45.94890988,0.249949115,-52,2.592705882,-3.09132948,-0.143439064,4235.431836,-0.641259452,50,-2.397834883,-8.693784927,6.295950044,11.11377955,123.5160958,444.0945591,399.6394409,421.867,6.8,12.46905828,-150.3041435,0.236679058,441.8996385,389.3336385,415.6166385,115.7731123,49.13757853,0.582672529,11.1038,-7.089,19.94066667,36.27161635,47.49055978,9.132
2016/3/12,419.14,420.93,406.59,410.9,4640.49425,411.915,417.2864286,420.487,401.5271667,415.2471494,414.2451947,418.7702881,402.5628083,-1.510307692,-1.571714286,-1.188661654,402.95,414.995,388.1575,408.5,405.86,421.03,0.275699803,-0.660714774,0.163760301,5.557431015,-8.782568985,14.34,5.557431015,-8.782568985,14.34,48.99135447,47.81181184,73.72069014,66.695143,87.77178443,2.525008247,-1.719166417,-51.00864553,-2830.571729,0.127150482,-1.527926986,43.52964114,-0.133768065,-52,2.450411765,-2.963750148,-0.131332577,3496.575738,-1.014972637,50,-5.10692463,-8.347944382,3.241019752,10.64334786,113.2808537,441.7736957,399.2003043,420.487,14.34,12.60269697,-146.0716522,0.225435603,440.6854349,389.6494349,415.1674349,95.70371937,44.40326467,0.574115665,9.2818,-6.331,18.95983333,36.00638735,48.88820903,8.7107
2016/3/13,409.95,417,409.67,413.04,3286.869109,411.19,415.955,419.2255,401.2005,414.9075879,414.155921,417.7476419,403.0049047,-1.157120879,-1.333285714,-1.014263158,401.955,414.995,393.7675,408.5,405.86,420,0.657660252,-0.606507776,-0.005453133,1.960655155,-5.369344845,7.33,1.960655155,-5.369344845,7.33,52.61908798,49.29584292,78.05838647,73.70904545,86.75706849,2.134023578,-1.563938678,-47.38091202,-3050.551382,0.109029461,-1.962624758,40.44772132,-0.257792942,-52,1.629911765,-1.724999405,-0.104883961,2798.117617,-1.307391452,50,-6.805960132,-7.624088354,0.818128222,9.893462209,97.88059447,439.0124244,399.4385756,419.2255,7.33,12.22607576,-149.7999316,0.132662397,440.380822,389.548822,414.964822,89.52261556,48.05086151,0.55418467,8.024,-4.8115,18.025,36.84029748,48.98104387,8.04805
2016/3/14,412.99,415.22,410.5,414.99,4470.787435,411.888,414.5092857,419.02,400.9578333,414.9202667,414.2177046,417.5331495,403.1678278,-0.549252747,-0.964285714,-1.07675188,407.51,414.995,396.4125,408.5,405.86,417.75,0.655696505,-0.640938354,-0.173692873,0.187704419,-4.532295581,4.72,0.187704419,-4.532295581,4.72,59.44144144,50.67231385,74.24032099,75.3397992,72.04136457,1.814105645,-1.27967173,-40.55855856,-3057.230133,0.09338085,-2.125073733,37.95844057,-0.200740487,-52,0.805323529,1.710742384,-0.058908991,2453.651097,-1.592600662,50,-4.519631669,-7.446945633,2.927313964,9.938787388,98.77949474,438.8975748,399.1424252,419.02,4.72,11.68992749,-155.2219338,0.157490975,438.2552199,391.6792199,414.9672199,100.6178368,45.49322166,0.582672073,8.4654,-4.208,18.06216667,38.41593769,49.44283147,8.244
2016/3/15,414.83,417.43,412.15,415.85,4569.879946,413.49,413.32,418.6235,401.8886667,415.0633026,414.3386154,417.0950461,403.6106116,0.082153846,-0.41275,-1.046879699,412.47,414.995,396.7675,408.5,405.86,418.24,0.509771563,-0.625788691,-0.276783238,2.280889502,-2.999110498,5.28,2.280889502,-2.999110498,5.28,64.47619048,51.30022609,73.88325278,75.39398675,70.86178484,1.565087677,-0.996071871,-35.52380952,-3016.708905,0.080282702,-2.165299841,52.87306086,-0.09101981,-52,0.059823529,4.006702849,0.010277145,2185.706854,-1.840549077,57.14285714,-5.962296057,-6.866875892,0.904579835,9.896989056,97.95039237,438.4174781,398.8295219,418.6235,5.28,11.23207553,-159.6424177,0.432972973,437.3462942,392.7562942,415.0512942,91.87200406,52.14328147,0.595343644,9.5684,-3.8415,16.73483333,39.70971621,49.7029653,8.12485
2016/3/16,415.84,416.82,413.15,416.57,4100.477064,414.524,412.8285714,418.2765,402.383,415.2951022,414.5039031,416.7766695,403.9840914,0.508967033,0.148,-0.99906015,414.25,414.995,407.18,408.5,405.86,420.04,0.330385078,-0.600776562,-0.434491153,1.467905287,-2.202094713,3.67,1.467905287,-2.202094713,3.67,81.39863433,51.85280955,69.67278924,72.59878767,63.82079239,1.381482395,-0.734421129,-18.60136567,-3075.949769,0.069636321,-1.969268315,69.8612704,0.045648789,-52,-1.761794118,2.545356079,0.090564512,1859.854569,-1.788764482,64.28571429,-10.14009567,-6.792765586,-3.347330088,9.838132726,96.78885553,437.9527655,398.6002345,418.2765,3.67,10.69192728,-166.4372855,0.330140485,436.7619329,393.6299329,415.1959329,84.19537101,58.09649671,0.650317643,10.1064,-4.0065,15.8935,42.14347747,49.20314881,7.9138
2016/3/17,416.52,419,415.66,418.49,3704.160673,414.972,412.7,417.601,403.0218333,415.7866249,414.7991696,416.2353347,404.2471691,0.916703297,0.555071429,-0.779323308,414.25,414.995,410.4275,408.5,405.86,422.69,0.495836931,-0.496019029,-0.535103281,3.199633103,-0.140366897,3.34,3.199633103,-0.140366897,3.34,87.08830549,53.3721996,70.24079524,71.26561242,68.19116088,1.27598521,-0.421988739,-12.91169451,-3341.843836,0.0618577,-1.454477123,87.39666302,0.289358511,-52,-2.137647059,1.082099466,0.139585846,1560.403029,-1.632045214,71.42857143,-22.71115937,-8.207530126,-14.50362924,9.295084666,86.39859895,436.1911693,399.0108307,417.601,3.34,10.16678961,-170.5169029,0.175962294,436.0106535,395.0086535,415.5096535,95.70248929,65.4375827,0.674047942,10.0836,-1.813,14.57916667,44.68744852,48.62519079,7.1032
2016/3/18,418.47,418.49,403.34,407.91,6391.246595,414.588,412.6928571,416.443,403.3955,414.5748365,414.2888607,415.28452,405.1239673,0.625230769,0.625071429,-0.705097744,412.625,411.495,412.575,408.5,405.86,425.54,-0.129957964,-0.465269177,-0.624639636,3.816828374,-11.33317163,15.15,3.816828374,-11.33317163,15.15,64.92107241,44.95372941,55.80980956,65.24113135,36.947166,1.053269055,-0.890864621,-35.07892759,-3715.765257,0.051215727,-1.144425305,73.08162892,-0.321094729,-20,-3.339882353,-0.932604736,0.108259952,1137.537692,-1.34819523,71.42857143,-19.85556218,-9.391276805,-10.46428537,8.965593942,80.38187474,434.3741879,398.5118121,416.443,15.15,10.52273321,-172.2140974,0.113676732,436.123877,393.447877,414.785877,101.2690619,66.61148206,0.687644558,9.1364,-1.681,13.0475,47.04117497,48.13309933,6.5796
2016/3/19,407.5,409.95,404.1,409.04,2870.24736,414.192,413.3507143,415.311,403.9335,413.7233232,413.9000562,414.6579717,406.2455003,0.096813187,0.416678571,-0.570270677,412.625,411.495,413.2775,408.5,405.86,423.93,-0.437537704,-0.404114423,-0.669510803,-3.918432822,-9.768432822,5.85,-3.918432822,-9.768432822,5.85,55.3125,45.93460719,44.32683146,56.79247875,19.39553687,0.784385346,-1.075534837,-44.6875,-4132.592827,0.039552445,-0.977621673,47.76779918,-0.68579392,-20,-4.753205882,-0.958837772,0.032440123,742.5660114,-1.095801051,78.57142857,-22.59208085,-11.12128283,-11.47079802,8.348543459,69.69817789,432.0080869,398.6139131,415.311,5.85,10.18896656,-183.9340269,0.117647059,434.8906506,393.5866506,414.2386506,95.07154104,79.45398705,0.70075774,8.124,-1.739,11.3775,43.38898255,45.0997188,5.9711
2016/3/20,408.36,412,406.6,411.28,2579.002128,413.72,413.7114286,414.1135,403.8495,413.3474273,413.705978,413.05907,406.5206828,-0.197098901,0.026892857,-0.313345865,412.135,411.495,414.17,408.5,405.86,424.86,-0.462521505,-0.267121096,-0.711271119,-1.498656705,-6.898656705,5.4,-1.498656705,-6.898656705,5.4,43.6970339,47.91589014,33.48117929,44.53927344,11.36499098,0.534610156,-0.999100761,-56.3029661,-5089.933657,0.028687703,-0.915692562,26.18959564,-0.779110775,-20,-6.079,-1.134615385,-0.017753404,594.5399971,-0.890920122,78.57142857,-22.83211117,-13.39175797,-9.440353197,6.939845497,48.16145553,427.993191,400.233809,414.1135,5.4,9.846897516,-190.9156515,0.143465046,433.8618744,394.0518744,413.9568744,107.1885826,78.49237078,0.713852978,6.9392,-1.4555,10.264,39.90442356,42.1744571,5.02485
2016/3/21,410.62,411.96,406.5,411.67,3546.278911,412.974,413.5442857,413.072,403.8841667,413.0893616,413.5551648,411.7983139,407.0493189,-0.245582418,-0.211178571,-0.05793985,411.17,411.495,416.17,408.5,406.345,429.45,-0.305426523,-0.063066423,-0.687343846,-1.277420032,-6.737420032,5.46,-1.277420032,-6.737420032,5.46,44.85729672,48.2713248,43.00893351,40.27231475,48.48217102,0.314909181,-0.878803901,-55.14270328,-6283.844591,0.018952013,-0.83164092,28.67999325,-0.806633877,-20,-7.445588235,-1.779877365,-0.038790134,329.7052621,-0.818433537,78.57142857,-22.84475582,-15.3626281,-7.482127714,5.43517065,29.54108,423.9423413,402.2016587,413.072,5.46,9.533547693,-191.4127925,0.24734748,433.1410768,394.3370768,413.7390768,105.5187422,77.66361512,0.715747094,5.3296,-1.394,9.187833333,37.32021311,39.28606527,4.1132
2016/3/22,411.15,416.99,410.35,416.64,3950.155195,413.548,413.8935714,412.7315,404.4523333,413.6356136,413.7836711,411.3554572,407.9361974,-0.216285714,-0.122142857,0.156894737,411.17,411.495,417.5125,408.5,406.345,430.69,-0.244255353,0.18783008,-0.625564215,3.266497115,-3.373502885,6.64,3.266497115,-3.373502885,6.64,71.62089391,52.70110317,61.08729635,45.85913638,91.54361629,0.204150934,-0.443032984,-28.37910609,-7257.68584,0.012695558,-0.75600338,55.40810837,-0.444103392,-20,-8.210382353,1.39693356,-0.016170717,216.9974491,-0.5881766,85.71428571,-23.93625494,-17.26599419,-6.670260752,4.941709991,24.42049763,422.61492,402.84808,412.7315,6.64,9.326865715,-184.9034182,0.2133829,432.7623552,395.2683552,414.0153552,119.1788136,77.07307248,0.747422857,5.007,-1.4235,8.279166667,34.43704941,37.08034267,3.79635
2016/3/23,416.39,419,413.44,417.62,4946.396511,414.006,414.2235714,412.598,404.9726667,414.2485962,414.0678436,411.0188151,408.6854487,-0.139274725,-0.082571429,0.346075188,411.17,411.495,417.5125,408.5,406.495,427.42,-0.077558945,0.430175227,-0.545703709,4.71985467,-0.84014533,5.56,4.71985467,-0.84014533,5.56,76.89822294,53.54585565,76.43678161,60.17767049,108.9550038,0.182652037,-0.08599559,-23.10177706,-7607.031828,0.009473784,-0.654401337,77.04070717,-0.094219505,-20,-7.063205882,1.108851443,0.036351355,124.1653375,-0.380185628,85.71428571,-25.62475075,-19.61100742,-6.013743324,4.759475424,22.65260632,422.1169508,403.0790492,412.598,5.56,9.057803878,-177.2441642,0.177933178,432.7996547,395.9176547,414.3586547,121.5461834,77.12185391,0.737347244,4.5736,0.652,7.625333333,31.79192606,35.2583716,3.6762
2016/3/24,417.62,418.15,412.85,415.17,2776.608832,414.024,414.1642857,412.956,405.1895,414.3903506,414.1494848,411.3630708,409.6197772,-0.05367033,-0.0895,0.31037594,411.17,411.495,417.5125,408.5,406.495,428.14,0.026957306,0.393652262,-0.549296127,3.742732574,-1.557267426,5.3,3.742732574,-1.557267426,5.3,63.70490038,51.08926491,83.88676032,73.80361276,104.0530554,0.178721558,-0.015721917,-36.29509962,-7331.209543,0.007249244,-0.422699505,87.73891998,-0.014649349,-20,-5.294676471,0.043374539,0.083524118,-50.22118151,-0.235993844,78.57142857,-27.75158023,-22.032039,-5.719541232,4.664545332,21.75798316,422.2850907,403.6269093,412.956,5.3,8.789389315,-172.2966162,0.006859756,431.6189257,397.2529257,414.4359257,102.997844,71.32111264,0.70565531,3.6558,1.52,7.7665,29.65346328,33.58667463,3.5038
2016/3/25,415.17,416.92,412,415.7,2588.782723,414.009,413.9192857,413.7495,405.6028333,414.5918351,414.2643378,413.6523072,410.6002208,0.153912088,-0.005214286,0.142323308,411.17,411.495,418.25,403,406.495,435.63,0.199755168,0.238884557,-0.51996174,2.328056492,-2.591943508,4.92,2.328056492,-2.591943508,4.92,70.26719727,51.60650055,81.8859089,80.73648361,84.18475947,0.194057163,0.06134242,-29.73280273,-9537.562139,0.006023707,-0.221891801,82.94583619,0.08419869,-20,-3.754735294,-0.036070699,0.08756122,-184.4891377,-0.107035256,78.57142857,-28.35843991,-24.05629947,-4.302140438,3.524698531,12.42349974,420.7988971,406.7001029,413.7495,4.92,8.513004364,-166.1848268,0.005789271,429.5333137,399.5793137,414.5563137,120.1181754,64.74041671,0.717145027,3.0832,1.6105,8.146666667,28.71393274,32.49277454,2.89255
2016/3/26,415.6,416.99,414,416.96,1253.006376,414.048,414.3521429,414.286,406.0226667,414.9561682,414.4640165,414.2094309,411.2370023,0.141252747,0.201071429,0.069458647,411.17,409.75,416.7925,401.565,407.97,442.13,0.46463658,0.132027433,-0.480102941,2.059762708,-0.930237292,2.99,2.059762708,-0.930237292,2.99,86.97318008,52.88220072,80.48105577,82.084575,77.27401731,0.240324727,0.185070257,-13.02681992,-11191.22135,0.006101841,-0.013115529,80.37117299,0.250049319,-16,-1.869382353,0.09362172,0.05781369,-335.7682488,0.147663046,85.71428571,-29.71243297,-24.83421876,-4.878214218,3.112405399,9.687067368,420.5108108,408.0611892,414.286,2.99,8.118504053,-169.9442803,0.014744802,428.1412362,401.4292362,414.7852362,136.1786941,71.48759788,0.766388504,2.483,2.132,8.263333333,25.25107611,30.62873173,2.5974
2016/3/27,416.96,427.99,415.77,424.77,5038.877533,414.676,415.19,414.824,406.5196667,416.4659885,415.2274227,414.8698167,412.1253386,0.395648352,0.375214286,0.21487218,416.045,408.25,416.7925,401.565,408.555,451,0.895511079,0.326450067,-0.332543065,11.65408232,-0.565917679,12.22,11.65408232,-0.565917679,12.22,86.93711968,59.93265805,84.14064676,82.16920381,88.08353266,0.427610662,0.749143739,-13.06288032,-10045.85413,0.010717644,0.238137249,89.90156814,0.950185335,-12,0.168058824,1.500633229,0.061129781,-345.7391547,0.337365936,85.71428571,-27.92270907,-25.73056841,-2.192140655,3.894013489,15.16334105,422.612027,407.035973,414.824,12.22,8.411468049,-156.1218684,0.194186766,429.1211661,402.3511661,415.7361661,171.1018873,72.49426993,0.786155869,2.1234,3.22,8.304333333,23.97981154,30.41005451,3.0002
2016/3/28,424.62,424.77,420.32,422.87,3283.791465,416.172,415.7528571,415.38,407.2383333,417.451221,415.7935395,415.4151197,412.5867824,0.608483516,0.513464286,0.281278195,417.245,404.995,416.7925,400,408.555,447.7,0.895062731,0.394999962,-0.189796259,7.500641989,3.050641989,4.45,7.500641989,3.050641989,4.45,79.22920892,57.67175115,83.2232341,82.61497888,84.43974456,0.66217834,0.938270711,-20.77079108,-9141.12456,0.017257358,0.370304329,92.39403147,1.313919805,88,1.564088235,3.667475669,0.116177553,-208.8843565,0.448337689,78.57142857,-27.89498961,-26.3197805,-1.575209114,4.212821282,17.74786316,423.8056426,406.9543574,415.38,4.45,8.128506045,-148.6542095,0.632290786,429.5925789,403.2385789,416.4155789,190.8143077,65.42137619,0.759138907,2.662,3.714,8.141666667,21.80618047,30.11105908,3.142
2016/3/29,422.87,424.37,407.22,415.95,5955.00099,416.863,415.76,415.5275,407.8671667,417.2202639,415.8051292,415.599491,413.5925331,0.617318681,0.499321429,0.251842105,417.245,404.995,416.03,399.995,408.555,451.92,0.689491983,0.356730405,-0.078472455,7.289121705,-9.860878295,17.15,7.289121705,-9.860878295,17.15,51.15618661,50.23828865,68.89015454,78.75134513,49.16777334,0.802171076,0.559970945,-48.84381339,-9519.104311,0.021509334,0.35964539,73.39534625,1.048037678,88,1.648970588,1.689321338,0.169524351,-264.9154975,0.373043165,71.42857143,-23.20430061,-26.36113488,3.15683427,4.176593771,17.44393553,423.8806875,407.1743125,415.5275,17.15,8.772898471,-128.1726373,0.234634975,430.787238,401.955238,416.371238,260.6872651,55.07327166,0.745444644,2.4522,3.7225,7.660333333,18.71727858,29.2134974,3.022
2016/3/30,415.43,415.93,408.59,413.74,4824.854552,417.109,415.5578571,415.4145,408.5021667,416.6848387,415.6521566,415.462282,414.3561131,0.586307692,0.451071429,0.233766917,417.605,404.995,410.025,399.995,408.555,460.02,0.325711055,0.32977847,0.079729379,-0.673609967,-8.013609967,7.34,-0.673609967,-8.013609967,7.34,42.19066937,48.1057549,50.51344547,67.54227804,16.45578034,0.838459851,0.1451551,-57.80933063,-9268.777163,0.022962894,0.423541654,47.07636748,0.66857101,88,1.473970588,0.598132659,0.169254658,-369.3333723,0.189660503,64.28571429,-24.10188329,-26.50081571,2.398932418,4.193675031,17.58691026,423.8018501,407.0271499,415.4145,7.36,8.671977151,-119.3264202,0.083616587,430.5136439,401.7276439,416.1206439,206.0662071,46.71602177,0.728998556,1.8874,3.4435,6.912333333,15.92771151,29.03559449,3.09905
2016/3/31,413.68,416.99,411.4,414.66,3774.420828,417.408,415.2842857,415.191,409.2716667,416.3733251,415.5786636,415.1458771,415.5155469,0.657318681,0.453928571,0.281654135,417.605,410.55,410.775,399.995,408.555,462.33,-0.060125836,0.406077176,0.289785783,0.6640486,-4.9259514,5.59,0.6640486,-4.9259514,5.59,45.92292089,49.07486584,37.06208895,52.15522965,6.875807536,0.820613718,-0.071384532,-54.07707911,-9857.242092,0.022868579,0.398354714,27.94530342,0.443702067,84,1.531911765,0.726309908,0.120860329,-493.2044486,0.042371032,64.28571429,-13.75744048,-25.36983632,11.61239585,4.103378454,16.83771474,423.3977569,406.9842431,415.191,5.59,8.451835926,-111.863104,0.099833055,430.253535,401.709535,415.981535,199.5985663,46.75578644,0.710132761,1.4864,3.207,5.919333333,14.02640415,29.35692634,2.951
2016/4/1,414.66,416.99,413.42,416.31,3736.772662,417.375,415.8842857,415.4615,410.0133333,416.3635827,415.6328366,415.4556488,416.4708212,0.443516484,0.559714286,0.229887218,417.605,415.51,411.13,399.995,410.055,467.42,-0.153442575,0.341531979,0.433938581,0.666327371,-2.903672629,3.57,0.666327371,-2.903672629,3.57,51.10925073,50.84774267,36.99245707,41.52266383,27.93204355,0.794226839,-0.105547517,-48.89074927,-10097.11589,0.022474125,0.405564068,27.88488898,0.39183753,80,0.679411765,-0.079205069,0.066704088,-560.1590272,0.1647122,71.42857143,-9.94004137,-23.62709084,13.68704947,3.982148686,15.85750816,423.4257974,407.4972026,415.4615,3.57,8.10313336,-118.5025501,0.012392039,429.2078174,402.8178174,416.0128174,252.9384984,56.41909745,0.74640945,0.6868,1.2445,5.448166667,12.41304071,29.72710784,2.76535
2016/4/2,416.31,420,416.01,419,2072.950501,417.513,416.5957143,415.7595,410.7791667,416.7691854,415.8822561,415.6556546,417.1686765,0.306901099,0.43825,0.242203008,417.605,415.665,412.0125,405.86,410.765,445.38,-0.06446229,0.356949086,0.566068943,3.29399489,-0.69600511,3.99,3.29399489,-0.69600511,3.99,58.16658911,53.67898762,45.43411972,39.82955525,56.64324868,0.804977204,0.043001462,-41.83341089,-9843.931388,0.023117656,0.506234676,36.85680049,0.546866593,36,0.084352941,0.330443944,0.041582751,-438.9541797,0.266026432,71.42857143,-9.668007701,-21.617805,11.9497973,4.014276464,16.11441553,423.7880529,407.7309471,415.7595,3.99,7.80933812,-118.0877502,0.048694425,429.1583109,403.4363109,416.2973109,242.8788013,61.37926745,0.739618663,0.1102,0.1725,4.980333333,13.80773119,28.59835687,2.76755
2016/4/3,419.35,419.48,416.1,419.11,1337.673033,417.907,417.155,415.9655,411.6246667,417.1293107,416.1213483,415.7592934,417.8463605,0.203494505,0.312214286,0.277917293,417.605,415.665,412.3725,405.86,412.53,449.14,-0.124380412,0.403191252,0.553113688,2.430567048,-0.949432952,3.38,2.430567048,-0.949432952,3.38,58.6784551,53.79619011,52.57583052,45.00080244,67.7258867,0.838361203,0.133535996,-41.3215449,-9654.14148,0.024434527,0.487305173,43.72394654,0.661320167,36,0.976441176,0.94900884,0.036327802,-264.6203341,0.341612008,71.42857143,-11.46752652,-19.74103685,8.273510327,4.077918038,16.62941553,424.1213361,407.8096639,415.9655,3.38,7.492956826,-121.2238011,0.151538462,429.2921861,403.8381861,416.5651861,228.8230218,57.70007517,0.741323369,-0.0582,0.5985,4.340833333,14.65224207,27.27833281,2.8685
2016/4/4,418.51,419.85,416,418.75,3457.562743,418.212,417.6607143,416.1105,412.1401667,417.3786475,416.3160632,415.8967955,418.3044282,0.068241758,0.205214286,0.31587218,417.605,415.665,411.6225,405.86,414.995,456.53,-0.215107283,0.453037126,0.502067628,2.557628898,-1.292371102,3.85,2.557628898,-1.292371102,3.85,55.51275879,53.32069168,56.49173487,51.50056171,66.47408121,0.876527096,0.152663573,-44.48724121,-9250.581086,0.025927868,0.4565093,46.72232562,0.708743153,36,2.530911765,0.733702189,0.045365878,-138.6203726,0.436680773,64.28571429,-13.42974581,-17.93184938,4.502103575,4.124882742,17.01465763,424.3602655,407.8607345,416.1105,3.85,7.232745624,-123.7949109,0.118079752,429.3572636,404.1892636,416.7732636,184.5756501,50.60330469,0.724709031,-0.0282,1.4555,3.970333333,14.98406671,26.15213991,2.98745
2016/4/5,418.81,423,416.61,422.71,3956.556598,418.787,418.0942857,416.4175,412.7686667,418.1988556,416.7896882,416.2326493,418.9113939,0.178857143,0.181678571,0.417406015,415.995,415.665,409.115,405.86,414.995,448.37,-0.069754487,0.563612147,0.489836264,4.933681913,-1.456318087,6.39,4.933681913,-1.456318087,6.39,74.57871931,57.74507059,67.00696499,58.69151013,83.63787471,0.976871173,0.401376309,-25.42128069,-8509.218968,0.029286122,0.545206829,57.90382434,1.02684714,36,3.891147059,1.379029163,0.065654141,152.2536272,0.506333287,64.28571429,-9.714076062,-15.90866794,6.194591876,4.381394725,19.19661974,425.1802895,407.6547105,416.4175,6.39,7.172549508,-124.8138683,0.201542236,430.1946671,404.4826671,417.3386671,231.4929136,50.66814038,0.725232419,0.0782,2.7585,3.648833333,16.04034674,25.23869807,3.2745
2016/4/6,422.71,422.9,420,421.03,2396.348371,418.413,418.3378571,416.5445,413.5293333,418.6344163,417.1037853,416.2769621,419.282199,0.247098901,0.218714286,0.516022556,415.795,415.665,408.9725,405.86,414.995,453,0.411170925,0.681385827,0.525136658,4.410298783,1.510298783,2.9,4.410298783,1.510298783,2.9,66.49013,55.3482762,74.76654946,66.08841644,92.1228155,1.081897224,0.420104201,-33.50987,-8023.550794,0.032899735,0.634276369,62.2782749,1.121522054,36,5.102205882,-0.880476493,0.059620178,200.3990702,0.467024232,57.14285714,-6.79055174,-13.5637304,6.773178657,4.480325969,20.07332079,425.5051519,407.5838481,416.5445,2.9,6.8673674,-128.6556856,0.166964286,430.5022226,404.8782226,417.6902226,201.1194559,47.99416855,0.69690198,-0.5662,3.5755,3.015166667,16.76994693,24.2809365,3.4015
2016/4/7,420.62,421.99,418.09,420,3216.81132,418.126,418.6828571,417.149,414.2793333,418.8445061,417.3183198,417.2457246,419.4601939,0.190153846,0.242321429,0.429052632,415.795,415.665,408.475,405.86,414.995,444.06,0.862807305,0.626921086,0.519454871,3.284541814,-0.615458186,3.9,3.284541814,-0.615458186,3.9,61.53105441,53.87192069,82.65600461,74.80983969,98.34833445,1.165453294,0.33422428,-38.46894559,-8179.321632,0.035978923,0.610535899,63.83187688,1.096792287,36,5.359794118,-0.67869558,0.026991775,307.7096303,0.482695999,57.14285714,-0.857738967,-11.0807791,10.22304014,4.048850259,16.39318842,425.2467005,409.0512995,417.149,3.9,6.655412586,-131.0560785,0.133302369,429.5972014,406.2232014,417.9102014,167.2505168,47.50980745,0.700616818,-0.9424,3.171,2.869666667,16.80673536,23.23009932,3.1519
2016/4/8,419.99,423.99,416.26,417.75,4584.130993,418.306,418.8292857,417.5845,415.06,418.6761205,417.3502961,417.6190737,419.3725381,0.065164835,0.131178571,0.309601504,417.695,415.665,411.2525,405.86,414.995,450.61,0.71236454,0.512923605,0.495140061,5.42103584,-2.30896416,7.73,5.42103584,-2.30896416,7.73,50.69812229,50.69103553,70.04758674,75.82338027,58.49599967,1.192618509,0.108660862,-49.30187771,-8943.330519,0.03743925,0.426414042,43.95055215,0.892914075,36,5.102235294,0.43274432,0.001829042,401.0744581,0.491212604,50,-3.239111057,-8.7626933,5.523582243,3.570955165,12.75172079,424.7264103,410.4425897,417.5845,7.73,6.73216883,-128.7446627,0.106761566,429.7699441,406.0199441,417.8949441,134.0760206,45.53861935,0.66066846,-0.6938,2.4635,2.5245,16.16537119,22.43965197,2.7765
